,name,per,no_of_seasons,start_age,end_age,g,mp,fg,fga,fg3,fg3a,ft,fta,orb,ast,stl,blk,tov,pf,pts,fg_pct,fg3_pct,ft_pct,mp_per_g,pts_per_g,trb_per_g,ast_per_g
0,Tim Duncan,24.2,4.0,17,20,128,4492,790,1368,17,53,520,755,,288,69,481,335,303,2117,.577,.321,.689,35.1,16.5,12.3,2.3
1,Keith Van Horn,16.8,4.0,18,21,122,3732,891,1706,206,514,554,651,,142,87,126,282,253,2542,.522,.401,.851,30.6,20.8,8.8,1.2
2,Chauncey Billups,18.8,2.0,19,20,55,1866,297,719,120,314,306,357,,282,104,8,203,128,1020,.413,.382,.857,33.9,18.5,5.6,5.1
3,Antonio Daniels,14.6,4.0,18,21,111,3700,650,1261,84,212,405,534,,573,165,30,314,167,1789,.515,.396,.758,33.3,16.1,2.9,5.2
4,Tony Battie,12.6,3.0,18,20,87,2152,367,673,10,36,185,285,,72,56,162,140,223,929,.545,.278,.649,24.7,10.7,8.3,0.8
5,Ron Mercer,12.5,2.0,19,20,76,1976,404,837,72,209,133,170,,147,100,18,104,146,1013,.483,.344,.782,26.0,13.3,4.1,1.9
6,Tim Thomas,14.0,1.0,19,19,32,1005,187,416,47,140,121,152,,66,56,33,91,88,542,.450,.336,.796,31.4,16.9,6.0,2.1
7,Adonal Foyle,12.3,3.0,19,21,87,3178,712,1301,1,10,351,715,,134,61,492,329,213,1776,.547,.100,.491,36.5,20.4,12.7,1.5
8,Danny Fortson,16.2,3.0,18,20,100,2692,655,1160,0,3,571,769,,119,91,41,258,345,1881,.565,.000,.743,26.9,18.8,8.7,1.2
9,Tariq Abdul-Wahad,11.4,4.0,19,22,87,2037,430,901,49,152,275,379,,109,83,48,191,231,1184,.477,.322,.726,23.4,13.6,5.4,1.3
10,Austin Croshere,14.3,4.0,18,21,121,2858,495,1125,147,432,386,458,,123,104,76,230,247,1523,.440,.340,.843,23.6,12.6,5.3,1.0
11,Derek Anderson,15.3,4.0,18,22,99,2463,408,846,91,250,321,399,,321,186,16,197,243,1228,.482,.364,.805,24.9,12.4,3.8,3.2
12,Maurice Taylor,13.1,3.0,18,20,97,2793,524,1053,5,16,201,313,,113,61,90,200,289,1254,.498,.313,.642,28.8,12.9,6.1,1.2
13,Kelvin Cato,14.4,3.0,19,22,79,1931,271,544,0,1,177,303,,49,67,274,128,228,719,.498,.000,.584,24.4,9.1,7.4,0.6
14,Brevin Knight,14.9,4.0,18,21,115,3703,515,1239,93,277,591,741,,780,298,13,404,323,1714,.416,.336,.798,32.2,14.9,3.8,6.8
15,Johnny Taylor,8.7,3.0,20,22,81,1869,534,1006,75,222,273,392,,155,64,48,150,186,1416,.531,.338,.696,30.1,17.5,7.4,1.9
16,Scot Pollard,13.8,4.0,18,21,128,2754,425,774,1,1,358,535,,59,103,218,193,339,1209,.549,1.000,.669,21.5,9.4,6.6,0.5
17,Paul Grant,4.0,4.0,19,23,116,1949,284,570,0,2,160,229,,46,26,87,158,254,728,.498,.000,.699,16.8,6.3,3.4,0.4
18,Anthony Parker,12.2,4.0,18,21,112,3603,524,1173,195,515,440,587,,355,159,78,277,221,1683,.447,.379,.750,32.2,15.0,5.7,3.2
19,Ed Gray,9.6,3.0,18,21,81,2375,519,1230,127,421,321,415,,149,126,18,191,217,1486,.422,.302,.773,29.3,18.3,3.4,1.8
20,Bobby Jackson,15.2,2.0,22,23,60,1784,306,716,59,192,195,248,,207,108,15,137,169,866,.427,.307,.786,29.7,14.4,5.5,3.5
21,Rodrick Rhodes,6.7,4.0,19,23,124,3127,487,1138,128,378,457,634,,379,204,49,331,336,1559,.428,.339,.721,25.2,12.6,3.7,3.1
22,John Thomas,9.4,4.0,18,21,124,2572,349,703,0,1,187,349,,91,75,65,190,301,885,.496,.000,.536,20.7,7.1,5.1,0.7
23,Charles Smith,11.5,4.0,18,21,126,3783,737,1640,207,605,312,427,,358,178,95,288,232,1993,.449,.342,.731,30.0,15.8,4.6,2.8
24,Jacque Vaughn,10.1,4.0,18,21,126,3807,384,837,105,274,334,472,,804,160,15,351,280,1207,.459,.383,.708,30.2,9.6,3.0,6.4
25,Keith Booth,7.3,4.0,19,22,126,3872,589,1291,27,104,576,824,,296,193,73,403,407,1781,.456,.260,.699,30.7,14.1,7.3,2.3
26,Charles O'Bannon,11.7,4.0,18,21,124,3903,684,1271,73,213,343,457,,313,142,118,285,300,1784,.538,.343,.751,31.5,14.4,6.4,2.5
27,James Cotton,12.3,4.0,18,21,80,2675,450,1018,156,423,396,495,,129,99,27,187,217,1452,.442,.369,.800,33.4,18.2,4.4,1.6
28,Bubba Wells,11.1,4.0,19,22,105,3338,870,1667,94,232,433,580,,208,139,96,257,257,2267,.522,.405,.747,31.8,21.6,6.9,2.0
29,Kebu Stewart,14.0,4.0,20,23,106,3570,685,1262,1,6,691,1022,,68,103,103,322,305,2062,.543,.167,.676,33.7,19.5,11.6,0.6
30,James Collins,15.3,4.0,20,23,112,3678,645,1433,255,686,248,365,,283,191,37,269,293,1793,.450,.372,.679,32.8,16.0,4.5,2.5
31,Marc Jackson,14.1,3.0,19,22,85,2595,381,802,4,10,293,413,,71,47,43,161,161,1059,.475,.400,.709,30.5,12.5,7.4,0.8
32,Jerald Honeycutt,10.6,4.0,19,22,125,4197,791,1880,193,627,434,646,,419,235,163,478,305,2209,.421,.308,.672,33.6,17.7,7.0,3.4
33,Anthony Johnson,11.2,4.0,18,22,117,2810,334,717,67,166,224,309,,520,,,,,959,.466,.404,.725,24.0,8.2,2.6,4.4
34,Jason Lawson,21.5,4.0,19,22,131,3818,534,911,0,1,497,718,,178,97,375,336,463,1565,.586,.000,.692,29.1,11.9,6.9,1.4
35,Cedric Henderson,9.2,4.0,18,21,123,3909,664,1477,96,316,273,434,,181,175,114,327,324,1697,.450,.304,.629,31.8,13.8,5.2,1.5
36,God Shammgod,9.2,2.0,19,20,65,2113,208,529,30,144,223,330,,428,130,5,197,215,669,.393,.208,.676,32.5,10.3,2.0,6.6
37,Eric Washington,9.5,4.0,19,22,112,2868,531,1222,262,678,208,265,,107,140,61,186,219,1532,.435,.386,.785,25.6,13.7,5.0,1.0
38,Alvin Williams,13.7,4.0,19,22,131,3925,485,1094,133,380,320,441,,553,200,38,303,341,1423,.443,.350,.726,30.0,10.9,3.7,4.2
39,Chris Crawford,12.9,4.0,18,21,113,2486,364,820,85,228,235,326,,93,69,43,175,309,1048,.444,.373,.721,22.0,9.3,3.5,0.8
40,DeJuan Wheat,12.9,4.0,20,23,136,4560,725,1603,323,856,410,543,,498,204,25,307,226,2183,.452,.377,.755,33.5,16.1,2.6,3.7
41,Mark Blount,12.5,2.0,20,21,56,1149,136,292,1,2,87,168,,39,28,105,129,173,360,.466,.500,.518,20.5,6.4,5.0,0.7
42,Michael Olowokandi,10.7,3.0,20,22,77,690,444,750,0,0,153,328,,38,19,160,61,96,1041,.592,,.466,15.7,13.5,7.5,0.5
43,Mike Bibby,16.1,2.0,18,19,69,1110,360,789,144,369,197,270,,375,160,14,100,77,1061,.456,.390,.730,32.6,15.4,3.1,5.4
44,Raef LaFrentz,16.1,4.0,18,21,131,2690,825,1486,13,35,403,566,,86,98,138,182,253,2066,.555,.371,.712,26.6,15.8,9.1,0.7
45,Antawn Jamison,18.1,3.0,19,21,104,2251,787,1364,8,27,392,635,,93,93,85,122,162,1974,.577,.296,.617,33.6,19.0,9.9,0.9
46,Vince Carter,19.4,3.0,19,21,103,1492,481,880,99,269,206,292,,197,114,80,83,129,1267,.547,.368,.705,23.0,12.3,4.5,1.9
47,Robert Traylor,14.5,3.0,18,20,91,1393,496,877,0,1,218,400,,133,103,97,152,185,1210,.566,.000,.545,24.4,13.3,8.2,1.5
48,Jason Williams,14.2,2.0,20,22,48,816,256,530,89,226,115,145,,312,103,13,75,49,716,.483,.394,.793,29.1,14.9,3.3,6.5
49,Larry Hughes,14.9,1.0,19,19,32,,224,540,42,145,180,260,,77,69,13,,,670,.415,.290,.692,,20.9,5.1,2.4
50,Paul Pierce,19.8,3.0,18,20,108,1875,645,1341,108,304,370,531,,236,147,98,188,180,1768,.481,.355,.697,26.8,16.4,6.3,2.2
51,Bonzi Wells,16.1,4.0,18,21,116,2697,913,1902,142,437,517,759,,386,347,92,310,249,2485,.480,.325,.681,31.0,21.4,7.3,3.3
52,Michael Doleac,10.8,4.0,17,20,131,2242,513,1044,21,52,472,602,,74,71,124,147,244,1519,.491,.404,.784,22.6,11.6,6.8,0.6
53,Keon Clark,15.4,2.0,21,22,39,816,225,406,10,27,118,185,,51,25,138,74,93,578,.554,.370,.638,28.1,14.8,9.6,1.3
54,Michael Dickerson,13.4,4.0,19,22,130,2145,668,1460,153,417,302,415,,190,105,24,171,163,1791,.458,.367,.728,22.6,13.8,3.7,1.5
55,Matt Harpring,15.3,4.0,18,21,124,3309,753,1621,211,585,508,675,,289,178,29,247,225,2225,.465,.361,.753,36.0,17.9,8.0,2.3
56,Bryce Drew,9.6,4.0,20,23,121,3157,696,1549,364,837,386,463,,626,186,10,236,204,2142,.449,.435,.834,35.1,17.7,3.1,5.2
57,Pat Garrity,10.7,4.0,18,21,111,2693,748,1534,100,279,489,655,,222,84,64,247,238,2085,.488,.358,.747,32.1,18.8,7.0,2.0
58,Roshown McLeod,10.1,4.0,18,22,126,1902,501,1045,74,193,277,377,,143,114,93,118,256,1353,.479,.383,.735,21.1,10.7,5.6,1.1
59,Ricky Davis,14.7,1.0,18,18,31,,173,371,28,91,90,129,,74,38,10,,,464,.466,.308,.698,,15.0,4.8,2.4
60,Brian Skinner,12.0,4.0,18,21,103,2374,673,1171,0,0,356,638,,66,116,346,198,222,1702,.575,,.558,31.7,16.5,8.9,0.6
61,Tyronn Lue,13.2,3.0,18,20,99,2183,560,1255,145,407,312,396,,432,154,5,223,159,1577,.446,.356,.788,32.6,15.9,3.4,4.4
62,Felipe Lopez,11.5,4.0,20,23,114,2826,670,1615,148,500,439,668,,274,135,63,272,217,1927,.415,.296,.657,34.5,16.9,5.8,2.4
63,Sam Jacobson,11.2,4.0,19,22,130,2289,638,1461,173,474,260,362,,216,131,23,205,272,1709,.437,.365,.718,23.4,13.1,4.8,1.7
64,Corey Benjamin,8.9,2.0,18,19,48,601,306,623,64,210,163,237,,87,71,29,78,80,839,.491,.305,.688,26.1,17.5,4.5,1.8
65,Nazr Mohammed,15.0,3.0,18,20,94,705,335,606,0,2,144,248,,43,73,135,77,119,814,.553,.000,.581,12.8,8.7,5.7,0.5
66,Ansu Sesay,11.1,4.0,18,21,110,2237,487,1139,61,228,393,543,,227,99,99,197,221,1428,.428,.268,.724,27.6,13.0,6.4,2.1
67,Ruben Patterson,17.1,2.0,21,22,50,723,273,530,29,106,164,270,,85,57,21,69,62,739,.515,.274,.607,23.3,14.8,5.9,1.7
68,Jelani McCoy,12.6,3.0,18,20,78,1767,347,500,0,0,120,260,,89,44,188,148,161,814,.694,,.462,28.0,10.4,6.8,1.1
69,Shammond Williams,13.3,4.0,19,22,134,1941,460,1012,233,578,292,344,,399,93,2,174,121,1445,.455,.403,.849,20.2,10.8,2.5,3.0
70,Jerome James,10.6,3.0,20,22,81,1391,514,1038,0,2,264,501,,54,40,362,178,207,1292,.495,.000,.527,25.8,16.0,9.2,0.7
71,Casey Shaw,-14.9,4.0,19,22,113,2724,597,1094,0,2,368,620,,136,53,110,201,251,1562,.546,.000,.594,31.7,13.8,7.7,1.2
72,DeMarco Johnson,0.5,4.0,19,22,119,2496,737,1498,34,112,497,664,,140,128,63,158,231,2005,.492,.304,.748,28.4,16.8,7.8,1.2
73,Rafer Alston,13.2,1.0,21,21,33,,124,309,66,196,50,66,,240,70,12,,,364,.401,.337,.758,,11.0,2.2,7.3
74,Cuttino Mobley,14.4,4.0,19,22,93,1629,466,1065,146,412,256,312,,176,142,41,112,175,1334,.438,.354,.821,27.6,14.3,4.2,1.9
75,Miles Simon,-7.2,4.0,19,22,114,2386,543,1172,176,470,402,524,,455,125,16,230,169,1664,.463,.374,.767,30.2,14.6,3.8,4.0
76,Jahidi White,14.2,4.0,18,21,105,1217,230,427,0,0,128,277,,23,53,152,140,214,588,.539,,.462,13.1,5.6,4.5,0.2
77,Sean Marks,9.1,4.0,19,22,86,782,214,439,10,25,119,178,,47,48,71,65,102,557,.487,.400,.669,13.0,6.5,4.4,0.5
78,Toby Bailey,11.0,4.0,19,22,129,3038,679,1479,171,501,317,475,,458,139,51,297,212,1846,.459,.341,.667,31.6,14.3,5.2,3.6
79,Andrae Patterson,14.3,4.0,19,22,121,2172,517,1080,45,144,286,379,,156,105,127,199,274,1365,.479,.313,.755,24.4,11.3,5.7,1.3
80,Tyson Wheeler,76.1,4.0,19,22,125,3043,636,1545,302,814,344,488,,712,205,6,322,175,1918,.412,.371,.705,33.4,15.3,2.8,5.7
81,Ryan Stack,7.2,4.0,19,22,120,1624,272,575,59,163,178,258,,92,59,124,131,161,781,.473,.362,.690,18.2,6.5,4.2,0.8
82,Cory Carr,5.1,4.0,19,22,115,2101,630,1473,262,716,382,479,,224,80,18,166,152,1904,.428,.366,.797,23.9,16.6,3.6,1.9
83,Derrick Dial,12.2,4.0,19,22,122,2781,691,1441,214,568,295,381,,243,126,58,112,180,1891,.480,.377,.774,29.9,15.5,5.7,2.0
84,Greg Buckner,10.7,4.0,18,21,122,2932,679,1346,50,181,346,520,,252,179,40,139,219,1754,.504,.276,.665,32.6,14.4,4.9,2.1
85,Tremaine Fowlkes,10.1,3.0,18,21,72,1050,335,726,35,133,258,399,,65,80,30,87,80,963,.461,.263,.647,26.3,13.4,8.6,0.9
86,Ryan Bowen,10.5,4.0,19,22,120,2028,397,690,18,48,278,413,,115,206,124,121,184,1090,.575,.375,.673,22.8,9.1,6.7,1.0
87,J.R. Henderson,9.0,4.0,18,21,127,2645,677,1234,12,34,435,682,,205,142,68,212,246,1801,.549,.353,.638,28.1,14.2,6.4,1.6
88,Torraye Braggs,9.8,2.0,20,21,59,896,280,509,0,1,232,319,,146,85,22,95,96,792,.550,.000,.727,30.9,13.4,7.8,2.5
89,Maceo Baston,14.4,4.0,19,22,126,2150,471,751,0,1,398,614,,75,92,138,192,294,1340,.627,.000,.648,22.4,10.6,6.6,0.6
90,Elton Brand,20.5,2.0,18,19,60,1141,355,580,0,0,262,390,,51,81,113,67,97,972,.612,,.672,29.3,16.2,8.9,0.9
91,Steve Francis,18.3,1.0,21,21,34,1044,205,392,45,116,124,157,,152,95,6,102,95,579,.523,.388,.790,30.7,17.0,4.5,4.5
92,Baron Davis,17.8,2.0,18,19,59,828,287,571,59,180,169,268,,258,145,22,89,94,802,.503,.328,.631,30.7,13.6,3.8,4.4
93,Lamar Odom,16.5,1.0,19,19,32,1116,203,421,33,100,125,182,,122,27,49,110,92,564,.482,.330,.687,34.9,17.6,9.4,3.8
94,Wally Szczerbiak,16.0,4.0,18,21,105,2390,671,1310,204,473,301,372,,231,85,79,182,223,1847,.512,.431,.809,28.5,17.6,6.3,2.2
95,Richard Hamilton,16.5,3.0,18,20,103,2071,691,1622,237,627,417,505,,266,134,28,177,132,2036,.426,.378,.826,31.4,19.8,4.5,2.6
96,Andre Miller,17.4,4.0,19,22,134,2938,588,1146,58,197,384,568,,721,254,65,279,188,1618,.513,.294,.676,29.4,12.1,4.8,5.4
97,Shawn Marion,18.8,1.0,20,20,29,954,221,418,20,67,81,111,,36,73,54,41,60,543,.529,.299,.730,32.9,18.7,9.3,1.2
98,Jason Terry,16.5,4.0,18,21,129,2447,489,1105,192,514,291,371,,493,245,17,228,134,1461,.443,.374,.784,26.0,11.3,2.3,3.8
99,Trajan Langdon,12.2,4.0,18,22,136,2886,623,1380,342,802,386,448,,255,120,25,152,209,1974,.451,.426,.862,28.9,14.5,2.9,1.9
100,Aleksandar Radojevic,-0.9,2.0,21,22,71,1072,371,622,2,4,181,293,,72,,,,,925,.596,.500,.618,28.2,13.0,7.6,1.0
101,Corey Maggette,17.9,1.0,19,19,39,691,137,261,29,84,111,155,,59,29,15,80,99,414,.525,.345,.716,17.7,10.6,3.9,1.5
102,William Avery,7.3,2.0,18,19,74,1210,303,655,108,293,163,208,,283,91,2,102,86,877,.463,.369,.784,31.0,11.9,2.8,3.8
103,Metta World Peace,14.8,2.0,18,19,69,1265,335,753,92,259,145,246,,218,128,80,105,85,907,.445,.355,.589,34.2,13.1,6.3,3.2
104,Cal Bowdler,11.3,4.0,18,21,118,1851,362,803,38,144,255,408,,83,43,219,135,174,1017,.451,.264,.625,20.6,8.6,6.6,0.7
105,James Posey,12.4,3.0,20,22,95,2048,466,884,73,222,450,557,,163,214,65,178,198,1455,.527,.329,.808,31.5,15.3,8.4,1.7
106,Quincy Lewis,6.7,4.0,18,21,127,1938,609,1323,127,369,269,372,,190,129,77,147,228,1614,.460,.344,.723,21.1,12.7,4.0,1.5
107,Dion Glover,12.8,1.0,19,19,33,,222,503,45,166,119,186,,86,70,8,,,608,.441,.271,.640,,18.4,5.0,2.6
108,Jeff Foster,14.2,4.0,19,22,111,2580,400,788,4,4,280,438,,131,99,111,196,343,1084,.508,1.000,.639,23.2,9.8,8.4,1.2
109,Kenny Thomas,13.9,4.0,18,21,123,2884,666,1240,65,184,534,722,,262,112,239,264,282,1931,.537,.353,.740,31.7,15.7,8.4,2.1
110,Devean George,10.6,4.0,18,21,96,2986,799,1579,148,431,512,689,,156,153,181,213,262,2258,.506,.343,.743,31.1,23.5,9.0,1.6
111,Tim James,6.3,4.0,19,22,115,2481,681,1431,20,72,331,514,,83,127,224,225,160,1713,.476,.278,.644,28.5,14.9,7.4,0.7
112,Vonteego Cummings,11.8,4.0,19,22,103,2490,554,1309,134,401,339,485,,458,235,35,249,211,1581,.423,.334,.699,32.3,15.3,4.0,4.4
113,Jumaine Jones,12.5,2.0,18,19,65,1032,385,858,92,262,217,289,,60,62,40,76,73,1079,.449,.351,.751,34.4,16.6,9.0,0.9
114,Scott Padgett,12.9,4.0,18,22,122,1891,424,944,152,418,252,332,,238,147,68,126,185,1252,.449,.364,.759,22.8,10.3,5.3,2.0
115,John Celestand,2.7,4.0,18,21,124,2302,419,1024,144,438,242,331,,450,155,29,224,192,1224,.409,.329,.731,24.2,9.9,2.8,3.6
116,Michael Ruffin,8.5,4.0,19,22,128,2717,402,759,0,8,405,674,,150,153,266,211,267,1209,.530,.000,.601,28.0,9.4,9.5,1.2
117,Chris Herren,7.8,4.0,19,23,87,1677,450,982,166,452,245,385,,471,141,6,165,167,1311,.458,.367,.636,28.9,15.1,2.1,5.4
118,Evan Eschmeyer,10.6,4.0,20,23,112,2434,621,1044,0,0,563,859,,206,92,132,206,296,1805,.595,,.655,28.6,16.1,8.9,1.8
119,Calvin Booth,12.4,4.0,19,22,115,2318,500,986,1,10,287,406,,108,73,428,169,189,1288,.507,.100,.707,27.9,11.2,6.3,0.9
120,Obinna Ekezie,11.2,4.0,20,23,118,1935,408,815,0,2,356,544,,104,36,72,,,1172,.501,.000,.654,22.5,9.9,5.7,0.9
121,Laron Profit,10.6,4.0,18,21,125,2381,583,1229,105,326,295,431,,276,258,76,228,190,1566,.474,.322,.684,25.6,12.5,4.6,2.2
122,A.J. Bramlett,-0.4,4.0,19,22,127,1948,435,828,0,2,228,416,,113,87,104,113,236,1098,.525,.000,.548,21.2,8.6,6.4,0.9
123,Francisco Elson,10.0,2.0,21,22,59,632,133,279,0,0,51,100,,30,45,67,36,84,317,.477,,.510,19.8,5.4,4.9,0.5
124,Lee Nailon,14.0,3.0,21,23,97,1877,887,1561,5,18,409,577,,257,94,62,100,111,2189,.568,.278,.709,28.9,22.6,8.5,2.6
125,Ryan Robertson,2.6,4.0,19,22,142,2122,330,741,144,354,251,313,,485,143,33,105,172,1055,.445,.407,.802,20.6,7.4,2.4,3.4
126,Todd MacCulloch,16.9,4.0,20,23,115,1937,702,1058,0,0,339,513,,51,69,142,116,239,1743,.664,,.661,22.8,15.2,8.5,0.4
127,Lari Ketner,6.2,3.0,19,21,94,1671,464,929,0,1,220,365,,74,33,204,111,193,1148,.499,.000,.603,27.0,12.2,7.0,0.8
128,Rodney Buford,10.0,4.0,18,21,118,2710,778,1739,212,558,348,462,,215,195,59,184,164,2116,.447,.380,.753,30.1,17.9,6.1,1.8
129,Tim Young,11.7,5.0,18,22,132,3420,559,1111,0,0,426,555,,187,58,167,247,375,1544,.503,,.768,25.9,11.7,5.4,1.4
130,Kenyon Martin,15.0,4.0,19,22,116,2042,513,875,2,9,251,432,,142,124,292,139,231,1279,.586,.222,.581,23.7,11.0,7.5,1.2
131,Stromile Swift,16.1,2.0,19,20,50,1332,253,452,8,33,157,256,,37,65,130,126,131,671,.560,.242,.613,26.6,13.4,7.0,0.7
132,Marcus Fizer,13.4,3.0,19,21,97,2204,690,1349,21,72,429,611,,94,90,89,145,181,1830,.511,.292,.702,32.9,18.9,7.4,1.0
133,Mike Miller,14.4,2.0,18,19,65,1735,290,601,78,226,204,284,,149,81,22,140,122,862,.483,.345,.718,26.7,13.3,6.0,2.3
134,DerMarr Johnson,11.0,1.0,19,19,32,879,140,293,52,140,70,95,,45,31,30,46,64,402,.478,.371,.737,27.5,12.6,3.8,1.4
135,Chris Mihm,13.4,3.0,18,20,96,2041,498,1003,9,30,399,583,,55,36,264,159,180,1404,.497,.300,.684,31.4,14.6,9.8,0.6
136,Jamal Crawford,15.4,1.0,19,19,17,577,105,255,33,101,40,51,,76,19,16,53,19,283,.412,.327,.784,33.9,16.6,2.8,4.5
137,Joel Przybilla,12.0,2.0,19,20,49,1351,201,340,0,0,85,163,,91,17,81,141,150,487,.591,,.521,27.6,9.9,6.9,1.9
138,Keyon Dooling,11.5,2.0,18,19,59,1659,223,543,67,198,203,277,,198,76,29,134,103,716,.411,.338,.733,28.1,12.1,2.4,3.4
139,Jerome Moiso,12.1,2.0,20,21,62,1661,301,608,5,22,135,220,,66,61,81,141,176,742,.495,.227,.614,26.8,12.0,6.8,1.1
140,Etan Thomas,14.5,4.0,18,21,122,2261,495,825,0,0,350,585,,51,85,424,148,242,1340,.600,,.598,26.0,11.0,6.9,0.4
141,Courtney Alexander,11.5,4.0,18,22,112,3456,805,1767,166,458,336,438,,249,128,21,220,246,2112,.456,.362,.767,30.9,18.9,3.9,2.2
142,Mateen Cleaves,8.5,4.0,19,22,123,2755,540,1331,143,457,318,431,,816,195,16,353,194,1541,.406,.313,.738,29.6,12.5,2.1,6.6
143,Jason Collier,11.7,4.0,19,22,97,2602,479,1045,69,187,318,447,,118,60,110,256,243,1345,.458,.369,.711,29.6,13.9,7.1,1.2
144,Desmond Mason,12.7,4.0,19,22,129,2921,616,1268,130,349,340,468,,147,158,92,175,196,1702,.486,.372,.726,29.2,13.2,6.2,1.1
145,Quentin Richardson,12.9,2.0,18,19,64,2190,405,893,117,317,220,302,,104,59,17,138,144,1147,.454,.369,.728,34.2,17.9,10.2,1.6
146,Jamaal Magloire,13.5,4.0,18,21,145,2272,394,784,0,0,276,434,,62,68,268,201,290,1064,.503,,.636,21.2,7.3,5.4,0.4
147,Speedy Claxton,14.5,4.0,18,21,119,2975,705,1505,65,202,540,722,,660,288,33,264,230,2015,.468,.322,.748,33.8,16.9,4.8,5.5
148,Morris Peterson,13.3,5.0,18,22,137,2573,562,1161,146,387,318,426,,129,119,42,170,238,1588,.484,.377,.746,23.4,11.6,4.7,0.9
149,Donnell Harvey,12.5,1.0,19,19,37,746,144,284,0,1,86,141,,37,27,31,60,101,374,.507,.000,.610,20.2,10.1,7.0,1.0
150,Mamadou N'Diaye,13.3,4.0,21,24,128,2038,319,630,0,2,237,370,,76,75,216,,,875,.506,.000,.641,20.8,6.8,6.2,0.6
151,Erick Barkley,9.9,2.0,20,21,65,2261,316,797,107,326,210,289,,302,167,18,145,157,949,.396,.328,.727,34.8,14.6,3.1,4.6
152,Mark Madsen,8.1,4.0,21,24,108,2007,428,729,0,2,320,537,,69,47,64,107,204,1176,.587,.000,.596,24.8,10.9,7.9,0.6
153,Dan Langhi,8.8,4.0,19,22,122,2464,485,1041,138,360,394,474,,82,58,26,150,140,1502,.466,.383,.831,27.1,12.3,4.6,0.7
154,A.J. Guyton,10.9,4.0,18,21,128,3260,747,1642,283,684,323,409,,403,127,52,218,111,2100,.455,.414,.790,34.0,16.4,3.4,3.1
155,Jake Voskuhl,10.8,4.0,19,22,138,2184,323,596,0,0,217,331,,124,86,193,160,309,863,.542,,.656,21.6,6.3,6.4,0.9
156,Khalid El-Amin,12.2,3.0,18,20,108,2149,580,1395,195,550,295,359,,479,186,10,188,155,1650,.416,.355,.822,30.3,15.3,3.0,4.4
157,Mike Smith,8.1,2.0,22,23,55,1938,353,824,130,409,226,294,,147,90,42,241,110,1062,.428,.318,.769,35.2,19.3,8.2,2.7
158,Eddie House,13.2,4.0,18,21,124,3181,763,1794,250,683,268,336,,405,258,19,195,219,2044,.425,.366,.798,34.6,16.5,4.0,3.3
159,Eduardo Najera,12.0,4.0,20,23,126,3001,612,1423,85,295,337,504,,215,193,89,201,271,1646,.430,.288,.669,31.3,13.1,7.2,1.7
160,Lavor Postell,8.9,4.0,18,21,129,2845,494,1148,92,282,347,440,,205,129,58,172,230,1427,.430,.326,.789,29.3,11.1,5.6,1.6
161,Hanno Mottola,8.1,4.0,20,23,120,2162,538,1075,71,213,345,446,,139,37,50,159,259,1492,.500,.333,.774,25.1,12.4,4.6,1.2
162,Michael Redd,19.5,3.0,18,20,96,2187,699,1562,126,395,355,547,,238,149,11,151,117,1879,.448,.319,.649,33.1,19.6,6.2,2.5
163,Brian Cardinal,12.7,4.0,19,22,132,2768,495,1074,130,356,464,610,,277,259,44,203,290,1584,.461,.365,.761,28.8,12.0,5.7,2.1
164,Jabari Smith,9.7,2.0,21,22,61,1777,271,509,25,84,200,313,,126,56,65,183,157,767,.532,.298,.639,29.1,12.6,8.2,2.1
165,Jason Hart,12.2,4.0,18,21,132,3293,525,1337,139,426,314,441,,709,329,14,313,263,1503,.393,.326,.712,33.9,11.4,3.3,5.4
166,Kaniel Dickens,9.0,3.0,19,21,72,1223,228,489,17,51,155,251,,36,47,39,112,150,628,.466,.333,.618,22.2,8.7,5.4,0.5
167,Ernest Brown,-9.7,1.0,20,20,33,,168,276,0,0,59,113,,21,,,,,395,.609,,.522,,12.0,6.9,0.6
168,Dan McClintock,9.9,4.0,19,22,115,1716,542,858,0,1,279,428,,79,40,196,155,221,1363,.632,.000,.652,20.0,11.9,4.2,0.7
169,Chris Porter,11.1,2.0,20,21,56,1617,320,685,12,39,207,318,,64,116,22,125,146,859,.467,.308,.651,28.9,15.3,8.0,1.1
170,Jason Richardson,16.3,2.0,19,20,70,1522,261,519,57,149,96,148,,96,58,34,80,130,675,.503,.383,.649,21.7,9.6,5.0,1.4
171,Shane Battier,12.6,4.0,19,22,146,3450,651,1303,246,592,436,561,,239,266,254,136,229,1984,.500,.416,.777,31.4,13.6,6.1,1.6
172,Eddie Griffin,14.3,1.0,18,18,30,979,206,480,41,128,80,109,,49,26,133,67,71,533,.429,.320,.734,32.6,17.8,10.8,1.6
173,Rodney White,12.3,1.0,20,20,28,865,188,386,33,95,114,160,,41,34,20,82,73,523,.487,.347,.713,30.9,18.7,6.5,1.5
174,Joe Johnson,15.7,2.0,18,19,53,1605,302,648,63,155,128,170,,127,88,24,132,90,795,.466,.406,.753,30.3,15.0,6.1,2.4
175,Kedrick Brown,11.0,2.0,18,19,62,,453,836,114,294,211,279,,208,,,,,1231,.542,.388,.756,,19.9,9.6,3.4
176,Richard Jefferson,14.6,3.0,18,20,84,2211,335,684,60,163,214,298,,232,51,63,227,219,944,.490,.368,.718,26.3,11.2,5.0,2.8
177,Troy Murphy,15.4,3.0,18,20,94,3298,680,1370,64,191,587,755,,158,113,126,284,274,2011,.496,.335,.777,35.1,21.4,9.8,1.7
178,Steven Hunter,13.0,2.0,18,19,63,1552,252,430,0,2,120,200,,24,11,128,101,141,624,.586,.000,.600,24.6,9.9,4.7,0.4
179,Kirk Haston,-1.5,3.0,19,21,96,2572,544,1150,26,71,292,407,,111,80,104,195,255,1406,.473,.366,.717,26.8,14.6,7.8,1.2
180,Michael Bradley,11.3,3.0,18,21,100,1864,441,651,12,34,193,357,,133,64,102,152,161,1087,.677,.353,.541,27.4,10.9,5.4,1.3
181,Jason Collins,7.0,4.0,19,22,73,1591,262,428,12,27,249,348,,55,34,89,108,162,785,.612,.444,.716,22.1,10.8,6.6,0.8
182,Zach Randolph,19.5,1.0,19,19,33,654,138,235,0,1,80,126,,34,24,22,53,60,356,.587,.000,.635,19.8,10.8,6.7,1.0
183,Brendan Haywood,14.6,4.0,18,21,141,3007,541,849,0,0,329,557,,118,47,304,200,301,1411,.637,,.591,29.2,10.0,6.0,0.8
184,Joseph Forte,3.2,2.0,18,19,69,2340,479,1055,111,302,221,273,,210,121,27,169,138,1290,.454,.368,.810,33.9,18.7,5.8,3.0
185,Jeryl Sasser,8.3,4.0,18,21,117,3117,674,1711,133,475,511,720,,369,197,67,238,187,1992,.394,.280,.710,35.0,17.0,8.3,3.2
186,Brandon Armstrong,4.9,2.0,19,20,65,1974,430,980,142,363,173,210,,96,110,14,126,168,1175,.439,.391,.824,30.4,18.1,3.2,1.5
187,Gerald Wallace,16.3,1.0,18,18,36,824,126,288,11,63,88,155,,55,42,37,86,87,351,.438,.175,.568,22.9,9.8,6.0,1.5
188,Samuel Dalembert,15.4,2.0,18,19,59,1265,175,326,0,0,69,128,,19,22,167,117,187,419,.537,,.539,21.4,7.1,5.8,0.3
189,Jamaal Tinsley,13.6,2.0,21,22,68,2211,284,732,52,159,230,336,,431,177,56,273,198,850,.388,.327,.685,32.5,12.5,4.5,6.3
190,Trenton Hassell,8.4,3.0,19,21,84,3044,579,1228,122,354,346,444,,375,90,55,283,154,1626,.471,.345,.779,36.2,19.4,8.2,4.5
191,Gilbert Arenas,19.6,2.0,18,19,70,2137,395,847,107,296,208,282,,155,136,16,188,165,1105,.466,.361,.738,30.5,15.8,3.8,2.2
192,Omar Cook,9.0,1.0,19,19,29,1107,141,392,68,220,95,128,,252,66,5,148,82,445,.360,.309,.742,38.2,15.3,3.0,8.7
193,Will Solomon,10.5,3.0,20,22,94,2739,469,1195,214,585,279,389,,246,112,40,323,235,1431,.392,.366,.717,29.1,15.2,2.8,2.6
194,Terence Morris,9.9,4.0,19,22,136,3095,644,1300,101,299,344,441,,229,162,256,228,262,1733,.495,.338,.780,29.8,12.7,6.8,1.7
195,Brian Scalabrine,7.7,3.0,20,22,92,3037,528,1030,46,134,339,440,,249,89,81,312,248,1441,.513,.343,.770,33.0,15.7,6.1,2.7
196,Jeff Trepagnier,9.5,4.0,18,21,106,2439,431,915,61,205,205,311,,142,204,105,159,220,1128,.471,.298,.659,31.3,10.6,5.2,1.3
197,Damone Brown,3.9,4.0,18,21,113,2864,490,985,20,89,230,310,,141,118,96,157,275,1230,.497,.225,.742,29.2,10.9,6.0,1.2
198,Earl Watson,12.1,4.0,18,21,129,3314,518,1150,133,390,280,428,,607,235,49,337,288,1449,.450,.341,.654,34.5,11.2,3.8,4.7
199,Jamison Brewer,7.0,2.0,19,20,58,1347,119,261,13,59,77,146,,236,63,3,125,74,328,.456,.220,.527,23.2,5.7,4.7,4.1
200,Bobby Simmons,12.9,3.0,18,20,93,2939,403,941,121,366,336,429,,207,124,17,236,271,1263,.428,.331,.783,31.6,13.6,7.5,2.2
201,Sean Lampley,13.5,4.0,18,21,123,3086,661,1338,17,81,437,651,,295,86,69,293,245,1776,.494,.210,.671,32.1,14.4,7.2,2.4
202,Loren Woods,11.2,4.0,18,22,107,2224,421,854,2,9,344,462,,135,55,281,158,159,1188,.493,.222,.745,26.2,11.1,6.5,1.3
203,Ken Johnson,6.1,4.0,19,22,127,2752,416,771,0,0,223,354,,58,37,444,147,271,1055,.540,,.630,28.4,8.3,5.8,0.5
204,Ruben Boumtje-Boumtje,6.4,4.0,19,22,101,2383,345,711,0,2,283,426,,91,82,255,258,265,973,.485,.000,.664,25.1,9.6,7.0,0.9
205,Alton Ford,9.4,1.0,19,19,26,663,95,220,9,34,81,133,,17,5,19,66,97,280,.432,.265,.609,25.5,10.8,5.9,0.7
206,Jarron Collins,9.4,4.0,19,22,129,2329,370,711,4,16,337,504,,171,73,68,126,232,1081,.520,.250,.669,24.5,8.4,5.5,1.3
207,Kenny Satterfield,8.3,2.0,18,19,68,2142,267,663,65,201,209,268,,355,98,10,221,165,808,.403,.323,.780,31.5,11.9,4.1,5.2
208,Alvin Jones,6.2,4.0,19,22,124,2871,450,921,0,4,412,718,,170,88,425,269,273,1312,.489,.000,.574,31.5,10.6,8.7,1.4
209,Jay Williams,12.2,3.0,18,20,108,3572,713,1575,313,797,340,507,,644,235,14,424,253,2079,.453,.393,.671,33.1,19.3,3.7,6.0
210,Mike Dunleavy,13.9,3.0,19,21,104,2994,499,1050,179,483,194,278,,225,166,55,202,213,1371,.475,.371,.698,28.8,13.2,5.8,2.2
211,Drew Gooden,16.3,3.0,18,20,98,2566,594,1205,19,62,319,457,,156,104,107,251,241,1526,.493,.306,.698,26.2,15.6,9.2,1.6
212,Dajuan Wagner,9.9,1.0,18,18,36,1146,265,647,66,208,166,230,,128,43,20,105,101,762,.410,.317,.722,31.8,21.2,2.5,3.6
213,Chris Wilcox,15.5,2.0,18,19,70,1160,224,431,0,2,106,180,,69,34,71,,,554,.520,.000,.589,16.6,7.9,4.7,1.0
214,Caron Butler,15.0,2.0,20,21,63,2173,404,868,44,121,284,370,,190,134,22,168,151,1136,.465,.364,.768,34.5,18.0,7.6,3.0
215,Jared Jeffries,9.6,2.0,19,20,70,2283,353,785,39,120,263,409,,156,85,88,202,188,1008,.450,.325,.643,32.6,14.4,7.2,2.2
216,Melvin Ely,10.6,4.0,20,23,124,4031,789,1367,1,3,372,574,,139,97,361,303,346,1951,.577,.333,.648,32.5,15.7,7.5,1.1
217,Marcus Haislip,10.8,3.0,19,21,89,1525,276,521,38,102,155,220,,41,28,116,94,216,745,.530,.373,.705,17.1,8.4,3.4,0.5
218,Fred Jones,11.3,4.0,19,22,125,3527,554,1151,147,435,389,483,,367,148,74,305,313,1644,.481,.338,.805,28.2,13.2,5.0,2.9
219,Juan Dixon,12.8,4.0,20,23,141,4002,802,1713,239,615,426,501,,371,333,26,355,283,2269,.468,.389,.850,28.4,16.1,4.2,2.6
220,Curtis Borchardt,9.0,3.0,19,21,66,1426,233,436,15,40,190,275,,82,27,144,90,151,671,.534,.375,.691,21.6,10.2,7.2,1.2
221,Ryan Humphrey,6.6,4.0,18,22,123,2797,647,1308,8,22,331,618,,158,105,285,214,267,1633,.495,.364,.536,30.7,13.3,8.4,1.3
222,Kareem Rush,9.2,3.0,19,21,84,2536,550,1235,226,536,258,332,,174,102,47,233,194,1584,.445,.422,.777,30.2,18.9,5.4,2.1
223,Qyntel Woods,11.1,1.0,20,20,23,722,239,495,34,113,230,285,,42,,,,,742,.483,.301,.807,31.4,32.3,10.0,1.8
224,Casey Jacobsen,9.2,3.0,18,20,95,3020,547,1163,222,520,407,528,,254,50,7,193,133,1723,.470,.427,.771,31.8,18.1,3.8,2.7
225,Tayshaun Prince,13.7,4.0,18,21,135,4018,648,1419,204,621,275,370,,254,110,142,224,195,1775,.457,.329,.743,29.8,13.1,5.6,1.9
226,Frank Williams,9.2,3.0,19,21,101,3202,467,1180,135,414,371,460,,432,212,28,275,185,1440,.396,.326,.807,31.7,14.3,4.0,4.3
227,John Salmons,12.1,4.0,19,22,124,3814,444,953,86,268,313,389,,433,192,81,321,316,1287,.466,.321,.805,30.8,10.4,5.5,3.5
228,Chris Jefferies,7.2,3.0,18,21,88,2460,386,886,119,352,248,395,,160,98,102,208,199,1139,.436,.338,.628,28.0,12.9,4.8,1.8
229,Dan Dickau,12.9,4.0,19,23,97,2215,379,841,215,465,317,371,,362,66,7,208,140,1290,.451,.462,.854,32.1,13.3,2.4,3.7
230,Roger Mason,10.9,3.0,19,21,89,2634,388,889,137,365,318,366,,230,90,33,195,209,1231,.436,.375,.869,29.6,13.8,3.0,2.6
231,Robert Archibald,4.9,4.0,18,21,130,2104,258,453,0,1,286,420,,107,65,81,203,390,802,.570,.000,.681,16.2,6.2,4.1,0.8
232,Vincent Yarbrough,9.5,4.0,17,20,127,3859,613,1394,179,526,332,483,,293,211,131,,,1737,.440,.340,.687,30.4,13.7,6.8,2.3
233,Dan Gadzuric,14.4,4.0,20,23,122,2946,548,999,0,1,191,425,,75,88,184,216,342,1287,.549,.000,.449,24.1,10.5,6.6,0.6
234,Carlos Boozer,19.5,3.0,18,20,101,2620,554,878,0,1,398,537,,115,96,72,157,288,1506,.631,.000,.741,25.9,14.9,7.2,1.1
235,Tito Maddox,11.2,1.0,19,19,25,807,110,281,20,70,97,138,,200,41,5,130,67,337,.391,.286,.703,32.3,13.5,5.8,8.0
236,Ronald Murray,12.7,3.0,19,22,90,2078,684,1414,118,345,482,654,,370,99,37,261,133,1968,.484,.342,.737,37.1,21.9,5.6,4.1
237,Lonny Baxter,11.6,4.0,20,23,138,3373,712,1287,3,5,431,718,,96,120,227,225,408,1858,.553,.600,.600,24.4,13.5,7.2,0.7
238,Matt Barnes,12.8,4.0,18,21,121,2731,402,857,61,194,201,355,,245,115,45,240,272,1066,.469,.314,.566,22.6,8.8,4.8,2.0
239,Jamal Sampson,13.0,1.0,18,18,32,797,78,183,0,0,50,95,,38,15,54,53,85,206,.426,,.526,24.9,6.4,6.5,1.2
240,Chris Owens,20.1,4.0,18,22,106,2094,408,900,15,65,315,527,,90,101,189,129,229,1146,.453,.231,.598,26.8,10.8,6.4,0.8
241,Darius Songaila,13.3,4.0,20,23,130,3401,636,1245,12,35,575,692,,229,141,96,359,431,1859,.511,.343,.831,26.2,14.3,6.3,1.8
242,Rasual Butler,10.6,4.0,19,22,110,4211,752,1837,282,785,339,409,,177,108,120,292,221,2125,.409,.359,.829,38.3,19.3,5.9,1.6
243,Tamar Slay,6.5,4.0,18,21,114,3279,626,1414,251,650,289,386,,249,142,53,279,288,1792,.443,.386,.749,28.8,15.7,4.4,2.2
244,Randy Holcomb,8.2,3.0,19,22,93,2349,446,942,39,124,235,365,,115,63,66,,,1166,.473,.315,.644,25.3,12.5,6.2,1.2
245,Corsley Edwards,8.6,4.0,19,22,123,3398,652,1280,0,2,427,621,,93,116,198,,,1731,.509,.000,.688,27.6,14.1,7.9,0.8
246,Carmelo Anthony,21.0,1.0,18,18,35,1274,277,612,56,166,168,238,,77,55,30,77,77,778,.453,.337,.706,36.4,22.2,10.0,2.2
247,Chris Bosh,20.6,1.0,18,18,31,960,168,300,22,46,127,174,,38,30,67,72,73,485,.560,.478,.730,31.0,15.6,9.0,1.2
248,Dwyane Wade,24.5,2.0,20,21,65,1993,474,959,32,96,301,404,,255,150,79,203,156,1281,.494,.333,.745,30.7,19.7,6.5,3.9
249,Chris Kaman,14.9,3.0,18,20,83,2179,446,733,0,0,358,502,,65,42,182,257,234,1250,.608,,.713,26.3,15.1,8.5,0.8
250,Kirk Hinrich,12.8,4.0,19,22,141,4188,615,1247,235,546,288,371,,668,206,57,380,382,1753,.493,.430,.776,29.7,12.4,3.8,4.7
251,T.J. Ford,15.1,2.0,18,19,66,2178,282,695,23,101,266,332,,527,138,9,238,174,853,.406,.228,.801,33.0,12.9,3.8,8.0
252,Mike Sweetney,15.1,3.0,18,20,96,2781,608,1117,0,4,534,735,,174,101,180,236,224,1750,.544,.000,.727,29.0,18.2,9.2,1.8
253,Jarvis Hayes,10.8,3.0,18,21,84,2636,575,1258,157,426,203,263,,127,111,39,146,189,1510,.457,.369,.772,31.4,18.0,5.0,1.5
254,Nick Collison,13.2,4.0,19,22,142,3888,858,1526,23,64,358,574,,257,155,243,,,2097,.562,.359,.624,27.4,14.8,8.0,1.8
255,Marcus Banks,12.2,2.0,20,21,63,2160,381,770,65,197,312,427,,269,158,10,225,183,1139,.495,.330,.731,34.3,18.1,3.3,4.3
256,Luke Ridnour,13.9,3.0,19,21,96,3226,431,1005,203,522,334,389,,500,150,10,303,198,1399,.429,.389,.859,33.6,14.6,3.0,5.2
257,Reece Gaines,5.3,4.0,19,22,125,3946,632,1398,225,588,456,608,,475,192,28,332,316,1945,.452,.383,.750,31.6,15.6,3.4,3.8
258,Troy Bell,-4.5,4.0,19,22,122,4357,761,1794,300,807,810,933,,427,272,35,351,284,2632,.424,.372,.868,35.7,21.6,4.0,3.5
259,David West,18.6,4.0,19,22,126,4210,726,1366,18,55,662,874,,267,174,228,320,350,2132,.531,.327,.757,33.4,16.9,10.4,2.1
260,Dahntay Jones,9.5,4.0,18,22,131,3907,636,1406,109,317,430,577,,181,133,81,278,398,1811,.452,.344,.745,29.8,13.8,4.6,1.4
261,Brian Cook,13.1,4.0,19,22,132,3389,635,1246,94,277,384,484,,171,92,136,266,394,1748,.510,.339,.793,25.7,13.2,6.2,1.3
262,Josh Howard,16.7,4.0,19,22,127,3536,645,1335,109,309,362,511,,239,215,143,275,373,1761,.483,.353,.708,27.8,13.9,6.6,1.9
263,Jason Kapono,10.5,4.0,18,21,127,4313,699,1491,317,710,380,458,,265,108,8,286,294,2095,.469,.446,.830,34.0,16.5,5.1,2.1
264,Luke Walton,11.7,4.0,19,22,129,3514,420,985,65,229,274,400,,582,151,58,336,236,1179,.426,.284,.685,27.2,9.1,5.1,4.5
265,Jerome Beasley,5.9,4.0,19,22,123,1785,754,1462,47,100,333,465,,59,44,34,103,122,1888,.516,.470,.716,30.8,15.3,6.4,0.5
266,Travis Hansen,7.2,4.0,18,24,117,2356,483,1101,105,277,413,541,,262,63,37,169,243,1484,.439,.379,.763,27.4,12.7,4.9,2.2
267,Steve Blake,11.1,4.0,19,22,138,4313,374,932,182,478,209,271,,972,234,38,453,290,1139,.401,.381,.771,31.3,8.3,3.4,7.0
268,Derrick Zimmerman,5.5,4.0,18,21,127,3302,317,665,38,142,198,330,,513,205,89,,,870,.477,.268,.600,26.0,6.9,3.3,4.0
269,Willie Green,11.0,4.0,18,21,124,3721,649,1409,120,341,361,477,,270,117,35,246,290,1779,.461,.352,.757,30.0,14.3,4.2,2.2
270,Keith Bogans,9.6,4.0,19,22,135,3913,671,1535,254,743,327,475,,314,154,15,304,264,1923,.437,.342,.688,29.0,14.2,4.1,2.3
271,Matt Bonner,13.6,4.0,19,22,131,3281,580,1154,165,418,245,331,,158,94,64,,,1570,.503,.395,.740,25.0,12.0,5.9,1.2
272,Mo Williams,15.0,2.0,19,20,64,2159,283,698,90,306,182,215,,271,95,9,189,152,838,.405,.294,.847,33.7,13.1,3.9,4.2
273,James Jones,11.3,4.0,19,22,122,3351,464,1090,124,324,304,366,,142,137,192,188,262,1356,.426,.383,.831,27.5,11.1,5.0,1.2
274,Kyle Korver,12.8,4.0,18,21,128,3540,559,1184,371,819,312,350,,294,172,58,231,297,1801,.472,.453,.891,27.7,14.1,5.2,2.3
275,Brandon Hunter,12.5,4.0,19,22,119,3881,706,1385,39,115,561,923,,252,95,87,402,313,2012,.510,.339,.608,32.6,16.9,9.3,2.1
276,Emeka Okafor,17.0,3.0,19,21,103,3274,587,995,0,0,252,447,,81,91,441,,,1426,.590,,.564,31.8,13.8,10.6,0.8
277,Ben Gordon,14.9,3.0,18,20,106,3291,590,1342,246,581,369,464,,437,125,19,,,1795,.440,.423,.795,31.0,16.9,3.9,4.1
278,Devin Harris,16.5,3.0,18,20,96,3356,438,980,187,499,362,465,,295,164,40,,,1425,.447,.375,.778,35.0,14.8,4.1,3.1
279,Josh Childress,15.6,3.0,18,20,86,2458,386,881,104,310,185,245,,155,77,95,,,1061,.438,.335,.755,28.6,12.3,6.8,1.8
280,Luol Deng,15.5,1.0,18,18,37,1149,210,441,40,111,98,138,,68,49,39,,,558,.476,.360,.710,31.1,15.1,6.9,1.8
281,Rafael Araujo,6.3,2.0,22,23,62,1697,366,646,11,41,192,278,,75,88,40,,,935,.567,.268,.691,27.4,15.1,9.5,1.2
282,Andre Iguodala,16.0,2.0,19,20,62,1576,205,483,32,117,152,206,,213,95,29,,,594,.424,.274,.738,25.4,9.6,6.6,3.4
283,Luke Jackson,9.3,4.0,19,22,126,3665,645,1398,174,433,506,596,,424,160,37,,,1970,.461,.402,.849,29.1,15.6,5.9,3.4
284,Kris Humphries,15.5,1.0,18,18,29,990,221,498,17,50,170,229,,20,27,33,,,629,.444,.340,.742,34.1,21.7,10.1,0.7
285,Kirk Snyder,12.4,3.0,18,20,84,2586,477,1120,106,342,344,508,,224,76,63,,,1404,.426,.310,.677,30.8,16.7,6.4,2.7
286,Jameer Nelson,14.8,4.0,18,21,125,4311,703,1550,229,628,459,584,,713,250,10,,,2094,.454,.365,.786,34.5,16.8,4.6,5.7
287,Delonte West,13.9,3.0,18,20,89,2384,450,920,113,300,222,267,,270,121,15,,,1235,.489,.377,.831,26.8,13.9,4.2,3.0
288,Tony Allen,14.3,3.0,19,22,99,3072,574,1176,64,182,337,512,,301,134,54,,,1549,.488,.352,.658,31.0,15.6,5.7,3.0
289,Kevin Martin,17.7,3.0,18,20,79,2515,565,1224,174,503,534,635,,133,134,30,,,1838,.462,.346,.841,31.8,23.3,4.5,1.7
290,David Harrison,10.9,3.0,19,21,88,2480,489,813,0,1,339,613,,52,54,225,,,1317,.601,.000,.553,28.2,15.0,8.0,0.6
291,Jackson Vroman,8.2,2.0,21,22,63,1930,341,611,1,13,151,295,,131,77,70,,,834,.558,.077,.512,30.6,13.2,9.5,2.1
292,Lionel Chalmers,6.5,4.0,20,23,123,3897,512,1205,235,632,297,415,,405,154,7,,,1556,.425,.372,.716,31.7,12.7,2.9,3.3
293,Donta Smith,11.1,2.0,19,20,69,,497,891,111,266,328,420,,220,,,,,1433,.558,.417,.781,,20.8,6.3,3.2
294,Andre Emmett,8.5,4.0,18,21,128,4140,882,1765,54,173,438,623,,201,164,43,,,2256,.500,.312,.703,32.3,17.6,6.0,1.6
295,Antonio Burks,7.2,3.0,21,23,91,2786,391,834,63,157,183,272,,487,177,15,,,1028,.469,.401,.673,30.6,11.3,2.6,5.4
296,Royal Ivey,8.4,4.0,19,22,133,3287,367,807,53,157,249,351,,300,124,25,,,1036,.455,.338,.709,24.7,7.8,3.1,2.3
297,Chris Duhon,10.8,4.0,18,21,144,4813,432,1033,162,505,242,349,,819,300,16,,,1268,.418,.321,.693,33.4,8.8,3.4,5.7
298,Justin Reed,8.0,4.0,19,22,122,3496,679,1425,45,158,382,540,,132,123,89,,,1785,.476,.285,.707,28.7,14.6,6.3,1.1
299,Trevor Ariza,13.7,1.0,18,18,25,789,107,251,18,76,57,113,,52,42,11,,,289,.426,.237,.504,31.6,11.6,6.5,2.1
300,Bernard Robinson,11.0,4.0,20,23,120,3666,550,1251,69,232,336,413,,364,169,47,,,1505,.440,.297,.814,30.6,12.5,5.3,3.0
301,Pape Sow,9.3,3.0,20,22,72,2334,381,814,20,68,353,529,,56,104,61,,,1135,.468,.294,.667,32.4,15.8,9.1,0.8
302,Matt Freije,4.6,4.0,19,22,121,3472,632,1412,183,515,444,565,,114,79,71,,,1891,.448,.355,.786,28.7,15.6,4.9,0.9
303,Luis Flores,10.1,4.0,18,22,119,3654,683,1514,166,438,628,722,,229,175,21,,,2160,.451,.379,.870,30.7,18.2,3.7,1.9
304,Andrew Bogut,16.5,2.0,19,20,68,2226,449,744,13,36,215,319,,155,48,109,,,1126,.603,.361,.674,32.7,16.6,11.1,2.3
305,Marvin Williams,13.7,1.0,18,18,36,800,125,247,19,44,138,163,,26,39,17,,,407,.506,.432,.847,22.2,11.3,6.6,0.7
306,Deron Williams,18.4,3.0,18,20,101,3200,400,947,163,436,148,216,,594,115,22,,,1111,.422,.374,.685,31.7,11.0,3.3,5.9
307,Chris Paul,25.8,2.0,18,19,63,2110,278,589,86,183,306,365,,395,160,13,,,948,.472,.470,.838,33.5,15.0,3.9,6.3
308,Raymond Felton,14.0,3.0,18,20,101,3421,414,978,174,464,258,353,,698,192,27,,,1260,.423,.375,.731,33.9,12.5,4.1,6.9
309,Charlie Villanueva,16.0,2.0,19,20,63,1405,272,525,24,61,139,204,,63,26,105,,,707,.518,.393,.681,22.3,11.2,6.7,1.0
310,Channing Frye,13.3,4.0,18,21,133,3686,707,1257,6,23,369,486,,176,86,258,,,1789,.562,.261,.759,27.7,13.5,7.3,1.3
311,Ike Diogu,15.6,3.0,19,21,91,3190,617,1080,41,106,671,854,,113,39,153,,,1946,.571,.387,.786,35.1,21.4,8.8,1.2
312,Sean May,14.9,3.0,18,20,77,2139,442,862,0,11,329,459,,113,100,94,,,1213,.513,.000,.717,27.8,15.8,10.0,1.5
313,Rashad McCants,12.9,3.0,18,20,98,2863,614,1263,221,533,272,377,,204,145,61,,,1721,.486,.415,.721,29.2,17.6,4.1,2.1
314,Antoine Wright,7.9,3.0,18,20,87,2793,467,1134,181,482,223,344,,184,95,50,,,1338,.412,.376,.648,32.1,15.4,5.6,2.1
315,Joey Graham,11.0,4.0,18,22,128,3337,597,1132,71,188,402,497,,210,100,33,,,1667,.527,.378,.809,26.1,13.0,5.2,1.6
316,Danny Granger,16.9,4.0,18,21,95,2695,529,1066,78,213,450,598,,154,148,180,,,1586,.496,.366,.753,28.4,16.7,8.2,1.6
317,Hakim Warrick,15.5,4.0,19,22,135,4186,767,1432,10,40,529,803,,207,131,128,,,2073,.536,.250,.659,31.0,15.4,7.6,1.5
318,Julius Hodge,10.7,4.0,18,21,129,4258,665,1407,114,347,596,784,,454,161,82,,,2040,.473,.329,.760,33.0,15.8,6.0,3.5
319,Nate Robinson,15.6,3.0,18,20,89,2510,446,975,127,365,264,333,,285,140,9,,,1283,.457,.348,.793,28.2,14.4,3.9,3.2
320,Jarrett Jack,14.3,3.0,19,21,101,3260,406,850,93,259,360,452,,543,183,11,,,1265,.478,.359,.796,32.3,12.5,4.5,5.4
321,Francisco Garcia,12.3,3.0,21,23,98,2757,462,1031,180,488,309,364,,346,145,134,,,1413,.448,.369,.849,28.1,14.4,3.9,3.5
322,Luther Head,12.3,4.0,19,22,128,3250,452,956,209,547,182,242,,326,158,23,,,1295,.473,.382,.752,25.4,10.1,3.1,2.5
323,Jason Maxiell,13.0,4.0,18,21,129,3563,562,1108,2,7,440,674,,87,91,251,,,1566,.507,.286,.653,27.6,12.1,7.0,0.7
324,Linas Kleiza,12.4,2.0,19,20,49,1408,229,555,39,136,210,297,,66,27,14,,,707,.413,.287,.707,28.7,14.4,7.9,1.3
325,Wayne Simien,10.5,4.0,18,21,106,2817,585,1048,6,25,417,532,,93,78,78,,,1593,.558,.240,.784,26.6,15.0,8.3,0.9
326,David Lee,19.1,4.0,18,21,127,3171,543,935,0,6,350,514,,251,113,109,,,1436,.581,.000,.681,25.0,11.3,6.8,2.0
327,Salim Stoudamire,11.8,4.0,19,22,129,3848,615,1306,342,747,388,446,,256,99,8,,,1960,.471,.458,.870,29.8,15.2,2.2,2.0
328,Daniel Ewing,8.3,4.0,18,21,138,3827,538,1246,217,554,302,405,,293,191,24,,,1595,.432,.392,.746,27.7,11.6,2.8,2.1
329,Brandon Bass,15.2,2.0,18,19,59,2020,302,559,17,45,269,345,,42,45,104,,,890,.540,.378,.780,34.2,15.1,8.2,0.7
330,Ronny Turiaf,13.8,4.0,19,22,127,3239,538,1038,4,18,643,899,,130,61,179,,,1723,.518,.222,.715,25.5,13.6,6.8,1.0
331,Travis Diener,12.5,4.0,19,22,120,3770,511,1228,284,687,385,460,,617,158,8,,,1691,.416,.413,.837,31.4,14.1,3.1,5.1
332,Von Wafer,11.8,2.0,18,19,61,1318,214,528,108,296,79,118,,84,54,13,,,615,.405,.365,.669,21.6,10.1,2.2,1.4
333,Chris Taft,15.6,2.0,18,19,65,1692,321,564,0,0,136,241,,69,23,110,,,778,.569,,.564,26.0,12.0,7.5,1.1
334,Bracey Wright,13.1,3.0,18,20,85,3035,469,1159,186,532,374,482,,204,79,47,,,1498,.405,.350,.776,35.7,17.6,5.1,2.4
335,Ryan Gomes,12.5,4.0,19,22,116,4077,784,1510,81,230,489,620,,270,181,50,,,2138,.519,.352,.789,35.1,18.4,8.9,2.3
336,Robert Whaley,7.6,4.0,19,22,118,2920,774,1525,5,21,299,514,,126,,,,,1852,.508,.238,.582,24.7,15.7,6.4,1.1
337,Orien Greene,6.1,4.0,18,22,104,2567,258,631,97,307,119,164,,326,,,,,732,.409,.316,.726,24.7,7.0,3.4,3.1
338,Dijon Thompson,16.4,4.0,18,21,117,3252,541,1167,133,367,243,311,,239,133,37,,,1458,.464,.362,.781,27.8,12.5,4.7,2.0
339,Lawrence Roberts,13.5,4.0,19,22,118,3701,653,1426,61,202,575,872,,177,189,112,,,1942,.458,.302,.659,31.4,16.5,9.9,1.5
340,Alex Acker,8.5,3.0,20,22,88,3023,449,983,120,292,255,310,,249,133,38,,,1273,.457,.411,.823,34.4,14.5,5.6,2.8
341,LaMarcus Aldridge,20.5,2.0,19,20,53,1602,276,471,0,0,161,248,,34,67,97,,,713,.586,,.649,30.2,13.5,8.2,0.6
342,Adam Morrison,7.4,3.0,19,21,95,2908,669,1329,128,348,401,527,,188,66,35,,,1867,.503,.368,.761,30.6,19.7,5.1,2.0
343,Tyrus Thomas,14.8,1.0,19,19,32,829,152,250,1,1,90,137,,42,33,99,,,395,.608,1.000,.657,25.9,12.3,9.2,1.3
344,Shelden Williams,12.5,4.0,19,22,139,3903,687,1202,4,12,550,792,,119,161,422,,,1928,.572,.333,.694,28.1,13.9,9.1,0.9
345,Brandon Roy,20.0,4.0,18,21,103,2837,533,1041,53,154,358,468,,308,103,49,,,1477,.512,.344,.765,27.5,14.3,5.0,3.0
346,Randy Foye,12.2,4.0,19,22,131,4096,682,1711,213,647,389,498,,416,198,52,,,1966,.399,.329,.781,31.3,15.0,4.8,3.2
347,Rudy Gay,16.7,2.0,18,19,64,1908,319,692,56,148,176,244,,116,83,111,,,870,.461,.378,.721,29.8,13.6,5.9,1.8
348,Patrick O'Bryant,11.0,2.0,18,19,52,1265,241,435,0,0,123,179,,38,46,147,,,605,.554,,.687,24.3,11.6,7.8,0.7
349,J.J. Redick,14.9,4.0,18,21,139,4732,825,1906,457,1126,662,726,,306,152,9,,,2769,.433,.406,.912,34.0,19.9,2.7,2.2
350,Hilton Armstrong,9.9,4.0,18,21,131,1980,227,403,1,3,159,275,,73,43,191,,,614,.563,.333,.578,15.1,4.7,3.9,0.6
351,Ronnie Brewer,14.4,3.0,18,20,90,2974,493,1067,104,306,326,486,,299,216,49,,,1416,.462,.340,.671,33.0,15.7,5.0,3.3
352,Cedric Simmons,7.3,2.0,19,20,63,1189,170,301,2,4,144,221,,68,26,115,,,486,.565,.500,.652,18.9,7.7,4.1,1.1
353,Rodney Carney,11.9,4.0,18,21,133,3670,659,1587,287,792,296,413,,155,134,131,,,1901,.415,.362,.717,27.6,14.3,4.9,1.2
354,Shawne Williams,10.5,1.0,19,19,36,1002,156,375,48,154,114,145,,67,50,49,,,474,.416,.312,.786,27.8,13.2,6.2,1.9
355,Quincy Douby,9.7,3.0,19,21,95,3045,581,1344,251,646,277,338,,257,121,62,,,1690,.432,.389,.820,32.1,17.8,2.9,2.7
356,Renaldo Balkman,14.3,3.0,19,21,104,2193,317,573,16,55,121,227,,176,123,112,,,771,.553,.291,.533,21.1,7.4,5.3,1.7
357,Rajon Rondo,16.5,2.0,18,19,68,1908,249,505,28,99,128,222,,285,156,13,,,654,.493,.283,.577,28.1,9.6,4.5,4.2
358,Marcus Williams,11.0,3.0,18,20,70,1954,203,505,54,144,167,211,,510,72,14,,,627,.402,.375,.791,27.9,9.0,3.2,7.3
359,Josh Boone,14.2,3.0,19,21,103,2672,382,661,0,0,195,349,,84,53,222,,,959,.578,,.559,25.9,9.3,7.0,0.8
360,Kyle Lowry,18.4,2.0,18,19,57,1524,181,403,13,40,168,228,,171,108,13,,,543,.449,.325,.737,26.7,9.5,3.8,3.0
361,Shannon Brown,12.4,3.0,18,20,97,2712,416,910,110,302,241,290,,188,124,11,,,1183,.457,.364,.831,28.0,12.2,3.4,1.9
362,Jordan Farmar,13.3,2.0,18,19,66,2122,292,712,97,291,200,263,,342,82,12,,,881,.410,.333,.760,32.2,13.3,3.0,5.2
363,Maurice Ager,2.8,4.0,18,21,124,3176,523,1185,202,532,306,395,,181,62,39,,,1554,.441,.380,.775,25.6,12.5,3.4,1.5
364,Mardy Collins,7.9,4.0,18,21,125,4683,718,1798,182,624,301,482,,398,290,29,,,1919,.399,.292,.624,37.5,15.4,4.6,3.2
365,James White,9.9,4.0,19,23,123,3336,428,963,120,357,294,375,,316,117,75,,,1270,.444,.336,.784,27.1,10.3,4.2,2.6
366,Steve Novak,12.7,4.0,19,22,126,3401,485,1044,354,768,243,261,,123,64,9,,,1567,.465,.461,.931,27.0,12.4,4.2,1.0
367,Solomon Jones,10.2,2.0,20,21,59,1838,216,428,0,2,149,215,,61,38,153,,,581,.505,.000,.693,31.2,9.8,8.0,1.0
368,Paul Davis,10.6,4.0,18,21,130,3349,614,1142,13,48,477,625,,178,146,87,,,1718,.538,.271,.763,25.8,13.2,7.0,1.4
369,P.J. Tucker,11.8,3.0,18,20,87,2518,438,832,2,4,291,409,,170,116,23,,,1169,.526,.500,.711,28.9,13.4,8.2,2.0
370,Craig Smith,16.2,4.0,19,22,130,4415,921,1650,16,67,491,764,,245,167,100,,,2349,.558,.239,.643,34.0,18.1,8.6,1.9
371,Bobby Jones,9.7,4.0,19,22,125,3013,424,847,65,177,313,443,,153,134,59,,,1226,.501,.367,.707,24.1,9.8,4.9,1.2
372,David Noel,9.0,4.0,18,21,127,2948,349,656,64,181,118,201,,247,137,60,,,880,.532,.354,.587,23.2,6.9,4.3,1.9
373,James Augustine,11.1,4.0,18,21,137,3717,534,865,6,18,309,450,,148,141,139,,,1383,.617,.333,.687,27.1,10.1,7.5,1.1
374,Daniel Gibson,10.8,2.0,18,19,68,2246,294,716,175,452,172,232,,237,104,20,,,935,.411,.387,.741,33.0,13.8,3.6,3.5
375,Alexander Johnson,11.4,3.0,20,22,92,1935,306,589,12,39,276,414,,64,81,66,,,900,.520,.308,.667,21.0,9.8,5.2,0.7
376,Dee Brown,7.9,4.0,18,21,137,4698,638,1512,299,831,237,327,,674,231,7,,,1812,.422,.360,.725,34.3,13.2,3.3,4.9
377,Paul Millsap,19.3,3.0,18,20,92,3240,658,1141,6,16,386,623,,87,121,183,,,1708,.577,.375,.620,35.2,18.6,12.7,0.9
378,Leon Powe,16.8,2.0,20,22,54,1757,320,650,3,10,319,475,,57,43,32,,,962,.492,.300,.672,32.5,17.8,9.8,1.1
379,Ryan Hollins,11.0,4.0,18,21,113,2282,225,391,1,1,191,323,,40,25,101,,,642,.575,1.000,.591,20.2,5.7,4.0,0.4
380,Guillermo Diaz,9.9,3.0,18,20,93,3032,516,1152,174,458,271,366,,238,123,25,,,1477,.448,.380,.740,32.6,15.9,3.4,2.6
381,Hassan Adams,11.8,4.0,18,21,130,3609,750,1503,75,241,243,345,,259,238,85,,,1818,.499,.311,.704,27.8,14.0,5.4,2.0
382,Will Blalock,4.5,3.0,20,22,93,3193,393,933,100,274,192,267,,464,177,10,,,1078,.421,.365,.719,34.3,11.6,3.1,5.0
383,Greg Oden,18.7,1.0,19,19,32,925,189,307,0,0,123,196,,21,18,105,,,501,.616,,.628,28.9,15.7,9.6,0.7
384,Kevin Durant,25.2,1.0,18,18,35,1255,306,647,82,203,209,256,,46,66,67,,,903,.473,.404,.816,35.9,25.8,11.1,1.3
385,Al Horford,19.1,3.0,18,20,109,2798,424,724,0,4,275,444,,187,94,189,,,1123,.586,.000,.619,25.7,10.3,7.9,1.7
386,Mike Conley,17.0,1.0,19,19,39,1231,160,309,21,69,100,144,,238,87,10,,,441,.518,.304,.694,31.6,11.3,3.4,6.1
387,Jeff Green,13.1,3.0,18,20,102,3388,485,994,89,248,280,400,,318,92,127,,,1339,.488,.359,.700,33.2,13.1,6.5,3.1
388,Corey Brewer,11.9,3.0,18,20,108,2939,427,890,99,278,272,384,,300,176,44,,,1225,.480,.356,.708,27.2,11.3,4.3,2.8
389,Brandan Wright,20.5,1.0,19,19,37,1013,228,353,0,0,89,157,,37,36,65,,,545,.646,,.567,27.4,14.7,6.2,1.0
390,Joakim Noah,17.6,3.0,19,21,108,2279,411,667,1,2,310,453,,185,95,186,,,1133,.616,.500,.684,21.1,10.5,6.4,1.7
391,Spencer Hawes,13.9,1.0,18,18,31,896,193,363,1,3,74,98,,60,16,54,,,461,.532,.333,.755,28.9,14.9,6.4,1.9
392,Acie Law,9.9,4.0,19,22,122,3760,605,1298,114,319,345,454,,545,156,2,,,1669,.466,.357,.760,30.8,13.7,3.1,4.5
393,Thaddeus Young,16.6,1.0,18,18,31,917,177,370,39,93,52,70,,63,39,12,,,445,.478,.419,.743,29.6,14.4,4.9,2.0
394,Julian Wright,12.8,2.0,18,19,71,1711,314,566,3,16,107,181,,142,86,91,,,738,.555,.188,.591,24.1,10.4,6.3,2.0
395,Al Thornton,12.3,4.0,20,23,124,2723,546,1034,63,144,366,522,,87,103,74,,,1521,.528,.438,.701,22.0,12.3,5.2,0.7
396,Rodney Stuckey,15.1,2.0,19,20,59,1955,477,1011,98,309,386,479,,283,137,17,,,1438,.472,.317,.806,33.1,24.4,4.7,4.8
397,Nick Young,13.3,3.0,19,21,96,2990,553,1143,95,258,285,373,,137,80,26,,,1486,.484,.368,.764,31.1,15.5,5.1,1.4
398,Sean Williams,12.4,3.0,18,20,69,1414,138,239,0,0,101,167,,44,42,193,,,377,.577,,.605,20.5,5.5,4.2,0.6
399,Javaris Crittenton,10.6,1.0,19,19,32,1003,158,351,36,101,108,138,,184,65,2,,,460,.450,.356,.783,31.3,14.4,3.7,5.8
400,Jason Smith,12.9,3.0,18,20,87,2429,456,832,8,26,361,481,,173,47,149,,,1281,.548,.308,.751,27.9,14.7,7.9,2.0
401,Daequan Cook,9.1,1.0,19,19,39,770,141,317,54,130,46,66,,40,28,10,,,382,.445,.415,.697,19.7,9.8,4.3,1.0
402,Jared Dudley,13.3,4.0,18,21,130,4727,689,1368,120,329,573,784,,395,176,37,,,2071,.504,.365,.731,36.4,15.9,7.2,3.0
403,Wilson Chandler,13.6,2.0,18,19,59,1834,299,672,47,155,116,176,,72,41,86,,,761,.445,.303,.659,31.1,12.9,7.1,1.2
404,Morris Almond,7.0,4.0,18,21,121,3279,627,1275,153,352,418,507,,119,89,65,,,1825,.492,.435,.824,27.1,15.1,3.5,1.0
405,Aaron Brooks,13.6,4.0,19,22,115,3759,500,1164,205,548,306,367,,470,127,16,,,1511,.430,.374,.834,32.7,13.1,3.5,4.1
406,Arron Afflalo,12.3,3.0,19,21,104,3396,519,1135,209,560,293,375,,202,64,20,,,1540,.457,.373,.781,32.7,14.8,3.5,1.9
407,Alando Tucker,13.0,5.0,18,22,134,4297,798,1663,101,329,520,817,,213,104,29,,,2217,.480,.307,.636,32.1,16.5,5.7,1.6
408,Carl Landry,17.5,3.0,21,23,64,1915,403,669,10,43,359,503,,78,65,52,,,1175,.602,.233,.714,29.9,18.4,7.1,1.2
409,Gabe Pruitt,7.7,3.0,18,20,80,2590,358,817,179,456,207,266,,283,158,16,,,1102,.438,.393,.778,32.4,13.8,3.1,3.5
410,Marcus Williams,10.4,2.0,19,20,63,1939,355,748,53,149,164,231,,128,,,,,927,.475,.356,.710,30.8,14.7,5.6,2.0
411,Nick Fazekas,19.6,4.0,18,21,131,3944,901,1695,116,340,546,670,,170,98,192,,,2464,.532,.341,.815,30.1,18.8,9.6,1.3
412,Glen Davis,12.4,3.0,19,21,95,3036,566,1142,26,84,429,618,,147,108,110,,,1587,.496,.310,.694,32.0,16.7,9.6,1.5
413,Jermareo Davidson,10.5,4.0,19,22,126,3611,474,1016,4,19,316,441,,127,68,221,,,1268,.467,.211,.717,28.7,10.1,7.3,1.0
414,Josh McRoberts,13.2,2.0,18,19,69,2047,279,517,10,36,174,262,,167,80,128,,,742,.540,.278,.664,29.7,10.8,6.5,2.4
415,Chris Richard,7.5,4.0,19,22,141,2203,286,430,0,0,125,198,,49,48,59,,,697,.665,,.631,15.6,4.9,3.2,0.3
416,Derrick Byars,14.9,4.0,18,22,126,,496,1071,198,499,194,278,,275,119,22,,,1384,.463,.397,.698,,11.0,3.7,2.2
417,Stephane Lasme,11.7,4.0,21,24,118,2861,378,635,0,0,255,410,,103,88,399,,,1011,.595,,.622,24.2,8.6,6.4,0.9
418,Dominic McGuire,9.8,3.0,18,21,86,2153,284,615,24,95,153,275,,172,55,167,,,745,.462,.253,.556,25.0,8.7,6.3,2.0
419,Aaron Gray,11.5,4.0,19,22,113,2360,434,789,0,0,241,405,,147,41,130,,,1109,.550,,.595,20.9,9.8,7.0,1.3
420,JamesOn Curry,-,3.0,19,21,101,,472,1081,197,488,222,293,,356,99,24,,,1363,.437,.404,.758,,13.5,2.9,3.5
421,Taurean Green,7.0,3.0,18,20,111,3236,317,791,186,478,354,413,,400,124,7,,,1174,.401,.389,.857,29.2,10.6,2.2,3.6
422,Demetris Nichols,0.7,4.0,19,22,123,3171,471,1113,205,573,197,262,,132,120,94,,,1344,.423,.358,.752,25.8,10.9,4.1,1.1
423,Ramon Sessions,16.0,3.0,18,20,97,2835,306,734,25,80,213,288,,478,113,14,,,850,.417,.313,.740,29.2,8.8,4.2,4.9
424,D.J. Strawberry,6.2,4.0,18,21,111,2991,398,864,70,212,260,406,,317,202,47,,,1126,.461,.330,.640,26.9,10.1,3.3,2.9
425,Derrick Rose,18.1,1.0,19,19,40,1168,208,436,35,104,146,205,,189,48,15,107,,597,.477,.337,.712,29.2,14.9,4.5,4.7
426,Michael Beasley,15.2,1.0,19,19,33,1041,307,577,36,95,216,279,,38,42,54,95,,866,.532,.379,.774,31.5,26.2,12.4,1.2
427,O.J. Mayo,13.4,1.0,20,20,33,1216,237,536,88,215,122,152,,109,51,13,117,,684,.442,.409,.803,36.8,20.7,4.5,3.3
428,Russell Westbrook,23.4,2.0,18,19,75,1643,230,496,35,99,124,181,,191,77,8,96,,619,.464,.354,.685,21.9,8.3,2.4,2.5
429,Kevin Love,22.0,1.0,19,19,39,1156,227,406,29,82,198,258,,75,27,56,78,,681,.559,.354,.767,29.6,17.5,10.6,1.9
430,Eric Gordon,15.0,1.0,19,19,32,1110,184,425,70,208,231,277,,78,42,20,115,,669,.433,.337,.834,34.7,20.9,3.3,2.4
431,Joe Alexander,9.9,3.0,19,21,82,2072,367,821,51,173,205,268,,160,49,99,80,,990,.447,.295,.765,25.3,12.1,4.8,2.0
432,D.J. Augustin,14.1,2.0,19,20,73,2662,396,894,119,296,323,400,,452,100,3,105,,1234,.443,.402,.808,36.5,16.9,2.9,6.2
433,Brook Lopez,21.0,2.0,18,19,53,1485,324,675,3,21,198,259,,57,27,101,58,,849,.480,.143,.764,28.0,16.0,7.1,1.1
434,Jerryd Bayless,12.8,1.0,19,19,30,1072,173,378,59,145,187,223,,121,29,3,89,,592,.458,.407,.839,35.7,19.7,2.7,4.0
435,Jason Thompson,13.5,4.0,18,21,122,3922,759,1443,30,103,492,738,,246,104,235,99,,2040,.526,.291,.667,32.1,16.7,9.6,2.0
436,Brandon Rush,10.2,3.0,20,22,109,3408,536,1193,205,471,200,273,,222,76,89,69,,1477,.449,.435,.733,31.3,13.6,5.5,2.0
437,Anthony Randolph,16.5,1.0,18,18,31,1016,183,394,2,19,115,166,,38,35,70,92,,483,.464,.105,.693,32.8,15.6,8.5,1.2
438,Robin Lopez,16.6,2.0,18,19,67,1626,236,462,1,2,128,209,,51,23,156,63,,601,.511,.500,.612,24.3,9.0,5.6,0.8
439,Marreese Speights,17.1,2.0,19,20,69,1063,273,431,0,0,110,160,,36,23,64,62,,656,.633,,.688,15.4,9.5,5.4,0.5
440,Roy Hibbert,15.5,4.0,18,21,136,3169,573,950,3,3,327,481,,176,55,259,57,,1476,.603,1.000,.680,23.3,10.9,5.9,1.3
441,JaVale McGee,18.4,2.0,19,20,66,1232,234,432,16,45,90,175,,23,32,122,80,,574,.542,.356,.514,18.7,8.7,4.8,0.3
442,J.J. Hickson,16.1,1.0,19,19,31,890,163,276,0,1,132,195,,31,22,47,83,,458,.591,.000,.677,28.7,14.8,8.5,1.0
443,Ryan Anderson,17.4,2.0,18,19,66,2178,419,866,122,308,276,328,,63,34,36,74,,1236,.484,.396,.841,33.0,18.7,9.0,1.0
444,Courtney Lee,12.0,4.0,19,22,127,3957,802,1729,245,611,389,476,,281,242,78,84,,2238,.464,.401,.817,31.2,17.6,5.2,2.2
445,Kosta Koufos,15.5,1.0,18,18,37,1003,222,437,22,63,68,100,,19,16,67,55,,534,.508,.349,.680,27.1,14.4,6.7,0.5
446,George Hill,15.2,4.0,18,21,95,3164,536,1013,90,223,457,582,,317,155,29,94,,1619,.529,.404,.785,33.3,17.0,5.8,3.3
447,Darrell Arthur,12.1,2.0,18,19,78,1710,369,682,2,17,144,213,,50,53,109,75,,884,.541,.118,.676,21.9,11.3,5.5,0.6
448,Donte Greene,10.0,1.0,19,19,35,1253,218,521,90,261,94,133,,71,45,57,91,,620,.418,.345,.707,35.8,17.7,7.2,2.0
449,D.J. White,14.5,4.0,18,21,99,3025,548,975,1,3,350,507,,93,68,198,63,,1447,.562,.333,.690,30.6,14.6,7.6,0.9
450,J.R. Giddens,9.7,4.0,18,22,122,3533,618,1333,203,580,186,309,,232,118,94,73,,1625,.464,.350,.602,29.0,13.3,5.7,1.9
451,Walter Sharpe,4.8,3.0,18,21,40,612,111,208,0,3,56,112,,34,22,37,34,,278,.534,.000,.500,15.3,7.0,3.8,0.9
452,Joey Dorsey,12.1,4.0,21,24,149,3231,400,651,0,0,197,469,,81,160,264,41,,997,.614,,.420,21.7,6.7,8.1,0.5
453,Mario Chalmers,12.9,3.0,19,21,110,3137,444,914,180,430,273,356,,420,283,44,75,,1341,.486,.419,.767,28.5,12.2,2.8,3.8
454,DeAndre Jordan,17.9,1.0,19,19,35,703,113,183,0,0,52,119,,15,7,44,57,,278,.617,,.437,20.1,7.9,6.0,0.4
455,Luc Mbah a Moute,10.8,3.0,19,21,107,3155,367,730,20,93,177,265,,168,137,66,62,,931,.503,.215,.668,29.5,8.7,7.2,1.6
456,Kyle Weaver,10.3,4.0,18,21,121,3602,402,866,43,155,315,440,,465,188,93,97,,1162,.464,.277,.716,29.8,9.6,4.7,3.8
457,Sonny Weems,10.1,2.0,20,21,69,2153,358,757,93,254,112,146,,162,90,23,96,,921,.473,.366,.767,31.2,13.3,4.6,2.3
458,Chris Douglas-Roberts,11.5,3.0,19,21,109,2845,555,1028,73,196,362,499,,183,114,49,83,,1545,.540,.372,.725,26.1,14.2,3.7,1.7
459,Sean Singletary,6.7,4.0,19,22,123,4034,642,1583,222,614,573,677,,587,200,7,128,,2079,.406,.362,.846,32.8,16.9,4.0,4.8
460,Patrick Ewing,0.6,4.0,19,23,127,,202,390,32,89,115,197,,129,81,75,54,,551,.518,.360,.584,,4.3,3.4,1.0
461,Henry Walker,10.8,2.0,19,20,37,985,207,454,35,123,117,161,,64,31,17,81,,566,.456,.285,.727,26.6,15.3,6.0,1.7
462,Malik Hairston,11.7,4.0,17,20,117,3655,612,1214,145,367,275,428,,244,67,71,55,,1644,.504,.395,.643,31.2,14.1,5.1,2.1
463,Darnell Jackson,8.7,4.0,19,22,125,2073,311,536,2,6,224,327,,67,64,46,51,,848,.580,.333,.685,16.6,6.8,4.9,0.5
464,Mike Taylor,10.1,1.0,21,21,31,1086,165,439,77,214,88,129,,140,35,3,,,495,.376,.360,.682,35.0,16.0,4.1,4.5
465,Sasha Kaun,12.5,4.0,19,22,135,,331,583,0,0,168,328,,44,50,150,32,,830,.568,,.512,,6.1,3.9,0.3
466,Joe Crawford,10.8,4.0,18,21,127,3213,512,1169,186,532,228,325,,191,61,26,83,,1438,.438,.350,.702,25.3,11.3,3.4,1.5
467,Blake Griffin,22.7,2.0,18,19,68,,484,783,3,10,307,521,,141,72,69,192,,1278,.618,.300,.589,,18.8,11.8,2.1
468,Hasheem Thabeet,10.3,3.0,19,21,100,,359,588,0,0,310,496,,41,37,417,126,,1028,.611,,.625,,10.3,8.5,0.4
469,James Harden,22.7,2.0,18,19,69,,417,824,102,271,373,494,,258,132,30,207,,1309,.506,.376,.755,,19.0,5.4,3.7
470,Tyreke Evans,17.3,1.0,19,19,37,,230,505,34,124,138,194,,143,77,29,133,,632,.455,.274,.711,,17.1,5.4,3.9
471,Jonny Flynn,11.3,2.0,18,19,73,,410,892,101,303,290,371,,439,107,12,224,,1211,.460,.333,.782,,16.6,2.7,6.0
472,Stephen Curry,23.2,3.0,18,20,104,,871,1866,414,1004,479,547,,388,221,28,219,,2635,.467,.412,.876,,25.3,4.5,3.7
473,Jordan Hill,16.3,3.0,19,21,97,,494,855,0,0,220,346,,80,53,140,169,,1208,.578,,.636,,12.5,7.9,0.8
474,DeMar DeRozan,17.0,1.0,19,19,35,,192,367,6,36,95,147,,51,31,13,73,,485,.523,.167,.646,,13.9,5.7,1.5
475,Terrence Williams,11.5,4.0,18,21,140,,577,1444,195,609,216,367,,546,210,90,191,,1565,.400,.320,.589,,11.2,6.9,3.9
476,Gerald Henderson,13.6,3.0,19,21,103,,456,995,69,210,281,398,,182,101,69,148,,1262,.458,.329,.706,,12.3,4.2,1.8
477,Tyler Hansbrough,14.8,4.0,20,23,142,,939,1752,12,38,982,1241,,154,180,66,146,,2872,.536,.316,.791,,20.2,8.6,1.1
478,Earl Clark,10.2,3.0,19,21,104,,419,897,56,188,210,328,,179,93,124,199,,1104,.467,.298,.640,,10.6,7.0,1.7
479,Austin Daye,11.6,2.0,19,20,67,,275,577,62,147,166,210,,69,45,124,129,,778,.477,.422,.790,,11.6,5.8,1.0
480,James Johnson,14.4,2.0,20,21,61,,351,682,50,169,151,218,,99,85,88,152,,903,.515,.296,.693,,14.8,8.3,1.6
481,Jrue Holiday,16.2,1.0,18,18,35,,112,249,27,88,45,62,,129,55,18,75,,296,.450,.307,.726,,8.5,3.8,3.7
482,Ty Lawson,17.2,3.0,19,21,105,,463,896,112,278,337,432,,608,184,10,136,,1375,.517,.403,.780,,13.1,2.9,5.8
483,Jeff Teague,17.3,2.0,19,20,61,,315,682,77,183,293,361,,184,113,35,180,,1000,.462,.421,.812,,16.4,3.0,3.0
484,Eric Maynor,10.6,4.0,18,21,130,,654,1457,142,384,503,636,,674,168,20,197,,1953,.449,.370,.791,,15.0,3.4,5.2
485,Darren Collison,15.9,4.0,18,21,141,,560,1171,163,371,347,408,,572,231,13,161,,1630,.478,.439,.850,,11.6,2.3,4.1
486,Byron Mullens,12.2,1.0,19,19,33,,120,188,0,1,52,93,,9,16,37,51,,292,.638,.000,.559,,8.8,4.7,0.3
487,Taj Gibson,15.3,3.0,21,23,105,,502,866,0,0,303,482,,142,77,253,153,,1307,.580,,.629,,12.4,8.5,1.4
488,DeMarre Carroll,13.8,4.0,18,22,134,,599,1119,27,96,281,466,,210,152,59,104,,1506,.535,.281,.603,,11.2,6.0,1.6
489,Wayne Ellington,10.7,3.0,19,21,115,,616,1331,229,577,233,288,,258,109,14,128,,1694,.463,.397,.809,,14.7,4.1,2.2
490,Toney Douglas,13.3,4.0,18,22,130,,739,1673,240,639,462,576,,344,231,37,182,,2180,.442,.376,.802,,16.8,3.8,2.6
491,Jeff Ayres,12.4,4.0,18,21,126,,611,1054,0,9,366,479,,101,62,131,110,,1588,.580,.000,.764,,12.6,7.5,0.8
492,Jermaine Taylor,11.9,4.0,19,22,122,,710,1524,251,668,308,403,,173,115,49,165,,1979,.466,.376,.764,,16.2,3.9,1.4
493,Dante Cunningham,11.2,4.0,18,21,139,,514,981,1,3,305,440,,133,162,117,162,,1334,.524,.333,.693,,9.6,5.9,1.0
494,DaJuan Summers,7.1,3.0,19,21,101,,368,838,145,411,248,341,,129,99,64,148,,1129,.439,.353,.727,,11.2,4.4,1.3
495,Sam Young,11.5,4.0,20,23,143,,716,1438,115,323,337,487,,138,119,109,175,,1884,.498,.356,.692,,13.2,5.0,1.0
496,DeJuan Blair,16.5,2.0,18,19,72,,394,694,0,0,191,311,,77,116,75,115,,979,.568,,.614,,13.6,10.7,1.1
497,Jon Brockman,10.3,4.0,18,21,131,,718,1345,0,1,369,603,,133,111,18,141,,1805,.534,.000,.612,,13.8,9.8,1.0
498,Derrick Brown,13.8,3.0,19,21,106,,395,689,54,130,252,351,,158,75,81,131,,1096,.573,.415,.718,,10.3,5.6,1.5
499,Jodie Meeks,12.9,3.0,19,21,81,,385,883,177,459,299,336,,130,86,8,108,,1246,.436,.386,.890,,15.4,3.0,1.6
500,Patrick Beverley,12.9,2.0,18,19,70,,286,681,138,361,197,270,,194,105,30,69,,907,.420,.382,.730,,13.0,5.5,2.8
501,Marcus Thornton,15.5,2.0,20,21,66,,468,1028,168,440,243,315,,117,99,23,132,,1347,.455,.382,.771,,20.4,5.5,1.8
502,Chase Budinger,13.0,3.0,18,20,100,,599,1276,190,496,309,395,,279,125,35,165,,1697,.469,.383,.782,,17.0,5.8,2.8
503,Nick Calathes,12.3,2.0,18,19,72,,380,836,131,345,279,390,,452,126,9,223,,1170,.455,.380,.715,,16.3,5.3,6.3
504,Danny Green,13.9,4.0,18,21,145,,491,1079,184,491,202,239,,256,160,154,137,,1368,.455,.375,.845,,9.4,4.1,1.8
505,Taylor Griffin,5.2,4.0,19,22,129,,298,637,13,59,245,340,,133,116,98,104,,854,.468,.220,.721,,6.6,4.8,1.0
506,A.J. Price,12.2,3.0,20,22,99,,429,1039,158,433,268,371,,469,104,5,172,,1284,.413,.365,.722,,13.0,3.4,4.7
507,Patty Mills,15.7,2.0,19,20,58,,324,780,128,387,174,216,,212,114,9,166,,950,.415,.331,.806,,16.4,2.2,3.7
508,Lester Hudson,13.0,2.0,23,24,65,,604,1324,230,619,289,337,,283,169,40,232,,1727,.456,.372,.858,,26.6,7.9,4.4
509,John Wall,19.3,1.0,19,19,37,1288,202,438,37,114,175,232,30,241,66,19,149,72,616,.461,.325,.754,34.8,16.6,4.3,6.5
510,Evan Turner,12.4,3.0,19,21,101,1108,539,1073,54,149,385,508,62,414,159,74,352,86,1517,.502,.362,.758,35.7,15.0,6.8,4.1
511,Derrick Favors,18.6,1.0,18,18,36,989,179,293,0,1,90,143,108,37,32,74,90,94,448,.611,.000,.629,27.5,12.4,8.4,1.0
512,Wesley Johnson,10.3,3.0,19,22,93,1224,462,1017,130,373,239,311,75,150,106,108,138,72,1293,.454,.349,.768,35.0,13.9,7.0,1.6
513,DeMarcus Cousins,22.3,1.0,19,19,38,893,206,369,1,6,162,268,154,38,37,67,78,122,575,.558,.167,.604,23.5,15.1,9.8,1.0
514,Ekpe Udoh,10.8,3.0,19,22,103,1264,343,726,13,45,168,259,129,154,79,292,123,87,867,.472,.289,.649,35.1,8.4,6.3,1.5
515,Greg Monroe,20.1,2.0,18,19,65,1164,345,635,9,33,243,359,74,207,99,97,189,87,942,.543,.273,.677,34.2,14.5,8.2,3.2
516,Al-Farouq Aminu,12.3,2.0,18,19,62,970,313,657,25,105,241,351,133,87,74,82,180,91,892,.476,.238,.687,31.3,14.4,9.4,1.4
517,Gordon Hayward,17.4,2.0,18,19,69,1239,298,634,116,314,280,340,72,125,88,60,138,78,992,.470,.369,.824,33.5,14.4,7.4,1.8
518,Paul George,18.2,2.0,18,19,63,962,320,716,122,308,212,264,55,151,123,58,173,84,974,.447,.396,.803,33.2,15.5,6.7,2.4
519,Cole Aldrich,17.2,3.0,19,21,111,963,391,681,0,0,256,351,110,72,59,253,133,92,1038,.574,,.729,26.8,9.4,7.7,0.6
520,Xavier Henry,9.3,1.0,18,18,36,990,162,354,69,165,90,115,43,53,54,18,69,66,483,.458,.418,.783,27.5,13.4,4.4,1.5
521,Ed Davis,16.8,2.0,19,20,61,641,210,383,0,0,142,228,66,44,24,129,86,42,562,.548,,.623,27.9,9.2,7.7,0.7
522,Patrick Patterson,13.3,3.0,18,20,97,1255,617,1054,24,73,306,417,116,146,69,152,159,61,1564,.585,.329,.734,33.0,16.1,8.2,1.5
523,Larry Sanders,15.5,3.0,19,21,101,941,415,798,4,16,210,364,106,51,59,277,155,103,1044,.520,.250,.577,26.9,10.3,7.7,0.5
524,Luke Babbitt,10.1,2.0,19,20,68,1260,445,927,75,178,351,393,70,119,59,51,146,87,1316,.480,.421,.893,37.1,19.4,8.1,1.8
525,Eric Bledsoe,17.3,1.0,20,20,37,1122,144,312,49,128,82,123,19,107,52,12,112,82,419,.462,.383,.667,30.3,11.3,3.1,2.9
526,Avery Bradley,12.1,1.0,19,19,34,1003,159,368,42,112,36,66,33,71,44,18,52,80,396,.432,.375,.545,29.5,11.6,2.9,2.1
527,James Anderson,9.9,3.0,18,20,101,1124,583,1268,225,600,420,527,64,163,112,60,212,88,1811,.460,.375,.797,34.1,17.9,5.1,1.6
528,Craig Brackins,3.1,3.0,20,22,96,1124,572,1285,69,236,326,449,67,153,52,99,196,64,1539,.445,.292,.726,35.1,16.0,7.7,1.6
529,Elliot Williams,9.5,2.0,19,20,68,1133,234,515,69,200,217,302,25,151,66,5,129,69,754,.454,.345,.719,33.3,11.1,3.1,2.2
530,Trevor Booker,15.0,4.0,19,22,134,984,687,1228,23,71,328,526,89,224,144,249,189,63,1725,.559,.324,.624,30.8,12.9,7.9,1.7
531,Damion James,8.5,4.0,19,22,142,1029,705,1473,103,283,404,631,107,163,137,163,207,100,1917,.479,.364,.640,30.3,13.5,9.3,1.1
532,Dominique Jones,11.9,3.0,19,21,95,1224,592,1339,160,495,453,615,37,328,144,39,249,93,1797,.442,.323,.737,37.1,18.9,5.4,3.5
533,Quincy Pondexter,9.9,4.0,18,21,136,1162,652,1297,54,165,428,557,107,230,107,45,193,90,1786,.503,.327,.768,32.3,13.1,5.6,1.7
534,Jordan Crawford,13.8,2.0,19,21,65,1147,367,806,109,284,166,217,34,170,75,13,143,57,1009,.455,.384,.765,32.8,15.5,4.1,2.6
535,Greivis Vasquez,13.7,4.0,20,23,136,1120,751,1769,230,699,439,530,38,772,191,39,358,69,2171,.425,.329,.828,33.9,16.0,4.8,5.7
536,Daniel Orton,11.9,1.0,19,19,38,502,48,91,0,2,33,63,45,15,21,53,38,88,129,.527,.000,.524,13.2,3.4,3.3,0.4
537,Lazar Hayward,9.0,4.0,20,23,138,1097,667,1476,169,473,356,451,72,122,158,43,195,115,1859,.452,.357,.789,32.3,13.5,6.6,0.9
538,Dexter Pittman,9.1,4.0,18,21,134,648,337,541,0,0,208,346,101,38,33,124,132,90,882,.623,,.601,19.1,6.6,3.9,0.3
539,Hassan Whiteside,24.5,1.0,20,20,34,889,167,319,3,5,110,187,92,10,19,182,64,82,447,.524,.600,.588,26.1,13.1,8.9,0.3
540,Armon Johnson,10.4,3.0,18,20,101,1172,546,1168,70,242,279,372,26,445,83,25,276,61,1441,.467,.289,.750,34.5,14.3,3.7,4.4
541,Darington Hobson,-3.3,1.0,22,22,35,1175,193,439,39,108,130,199,74,160,44,15,104,68,555,.440,.361,.653,33.6,15.9,9.3,4.6
542,Andy Rautins,-1.2,4.0,19,23,127,1137,360,908,282,754,119,156,18,347,172,22,171,76,1121,.396,.374,.763,32.5,8.8,2.6,2.7
543,Landry Fields,12.1,4.0,18,21,129,1161,499,1078,103,301,292,432,81,210,111,54,173,65,1393,.463,.342,.676,36.3,10.8,5.0,1.6
544,Lance Stephenson,12.1,1.0,19,19,34,960,162,368,16,73,79,119,63,84,31,6,81,66,419,.440,.219,.664,28.2,12.3,5.4,2.5
545,Jarvis Varnado,11.5,4.0,18,21,141,1141,548,930,1,4,306,514,107,89,76,564,172,88,1403,.589,.250,.595,31.7,10.0,7.8,0.6
546,Devin Ebanks,9.6,2.0,19,20,69,1161,276,596,8,70,215,292,99,176,65,48,142,54,775,.463,.114,.736,34.1,11.2,7.9,2.6
547,Jerome Jordan,17.1,4.0,20,23,133,1043,547,964,0,0,414,595,84,113,48,333,252,98,1508,.567,,.696,29.8,11.3,7.4,0.8
548,Gani Lawal,-9.1,3.0,19,21,99,930,446,814,0,3,275,498,105,43,59,127,211,76,1167,.548,.000,.552,25.8,11.8,7.2,0.4
549,Solomon Alabi,10.3,3.0,19,21,77,820,270,506,0,1,164,220,79,28,39,159,128,75,704,.534,.000,.745,25.6,9.1,5.4,0.4
550,Luke Harangody,10.2,4.0,19,22,129,989,936,1968,42,129,562,719,67,210,99,95,192,70,2476,.476,.326,.782,33.0,19.2,9.5,1.6
551,Willie Warren,10.8,2.0,19,20,57,678,278,606,97,277,215,273,14,199,62,3,160,48,868,.459,.350,.788,32.3,15.2,2.6,3.5
552,Jeremy Evans,17.4,4.0,19,22,134,901,427,668,12,33,199,291,101,72,84,224,106,98,1065,.639,.364,.684,26.5,7.9,5.9,0.5
553,Hamady N'Diaye,3.9,4.0,20,23,124,907,267,495,0,2,184,311,76,48,47,358,144,92,718,.539,.000,.592,28.3,5.8,5.5,0.4
554,Ryan Reid,17.6,4.0,20,23,126,2539,236,477,1,1,151,250,213,85,68,71,206,244,624,.495,1.000,.604,20.2,5.0,3.9,0.7
555,Derrick Caracter,10.0,3.0,18,21,79,720,314,558,5,16,177,282,72,51,53,61,140,82,810,.563,.313,.628,26.7,10.3,5.6,0.6
556,Kyrie Irving,20.9,1.0,18,18,11,303,55,104,18,39,64,71,6,47,16,6,27,23,192,.529,.462,.901,27.5,17.5,3.4,4.3
557,Derrick Williams,13.6,2.0,18,19,69,2016,388,662,46,90,405,563,173,65,56,46,160,184,1227,.586,.511,.719,29.2,17.8,7.7,0.9
558,Tristan Thompson,15.3,1.0,19,19,36,1104,172,315,0,0,127,261,138,45,34,86,64,100,471,.546,,.487,30.7,13.1,7.8,1.3
559,Brandon Knight,14.3,1.0,19,19,38,1363,217,513,87,231,136,171,25,159,25,8,120,83,657,.423,.377,.795,35.9,17.3,4.0,4.2
560,Kemba Walker,18.5,3.0,18,20,111,2740,578,1350,126,387,501,640,85,460,185,28,258,115,1783,.428,.326,.783,36.5,16.1,4.4,4.1
561,Jimmer Fredette,12.6,4.0,18,21,139,2382,838,1843,296,752,627,711,49,515,167,12,350,85,2599,.455,.394,.882,33.5,18.7,2.6,3.7
562,Klay Thompson,16.1,3.0,18,20,98,2275,599,1414,242,620,316,382,62,259,130,74,289,174,1756,.424,.390,.827,35.0,17.9,4.8,2.6
563,Alec Burks,14.0,2.0,18,19,68,2100,423,855,47,150,398,495,149,165,76,24,157,163,1291,.495,.313,.804,30.9,19.0,5.8,2.4
564,Markieff Morris,14.5,3.0,19,21,109,1558,341,617,38,94,203,311,166,126,60,103,172,200,923,.553,.404,.653,21.1,8.5,6.1,1.2
565,Kawhi Leonard,21.5,2.0,18,19,70,2236,377,840,41,164,195,262,230,156,98,45,153,174,990,.449,.250,.744,31.9,14.1,10.2,2.2
566,Nikola Vucevic,19.3,3.0,18,20,87,2409,367,721,37,122,191,256,213,97,45,95,129,212,962,.509,.303,.746,27.7,11.1,8.0,1.1
567,Iman Shumpert,10.3,3.0,18,20,92,1896,387,977,111,364,281,381,80,382,207,17,280,155,1166,.396,.305,.738,31.1,12.7,4.5,4.2
568,Chris Singleton,8.2,3.0,19,21,95,1819,336,802,104,315,199,336,124,140,180,136,227,185,975,.419,.330,.592,30.3,10.3,6.2,1.5
569,Tobias Harris,16.3,1.0,18,18,34,993,185,402,23,76,128,170,67,44,24,29,62,70,521,.460,.303,.753,29.2,15.3,7.3,1.3
570,Nolan Smith,7.5,4.0,19,22,143,2608,668,1491,166,451,411,514,79,406,142,19,292,139,1913,.448,.368,.800,34.8,13.4,2.8,2.8
571,Kenneth Faried,19.7,4.0,18,21,136,2276,783,1376,3,12,440,755,348,117,228,241,304,223,2009,.569,.250,.583,32.5,14.8,12.3,0.9
572,Reggie Jackson,16.6,3.0,18,20,99,2095,455,979,121,345,223,296,94,350,83,46,203,120,1254,.465,.351,.753,32.2,12.7,4.4,3.5
573,MarShon Brooks,13.4,4.0,19,22,113,1992,587,1265,158,475,297,402,127,175,129,81,207,152,1629,.464,.333,.739,31.6,14.4,4.3,1.5
574,Jordan Hamilton,13.4,2.0,19,20,70,1835,366,852,148,393,132,186,106,126,58,35,124,107,1012,.430,.377,.710,26.2,14.5,5.7,1.8
575,JaJuan Johnson,11.4,4.0,18,21,140,2296,706,1410,15,60,492,662,164,95,93,263,188,124,1919,.501,.250,.743,33.3,13.7,6.1,0.7
576,Norris Cole,9.3,4.0,19,22,140,2412,677,1555,139,433,485,587,41,455,207,11,283,168,1978,.435,.321,.826,35.0,14.1,3.2,3.3
577,Cory Joseph,13.7,1.0,19,19,36,1166,136,322,52,126,51,73,23,109,37,11,54,65,375,.422,.413,.699,32.4,10.4,3.6,3.0
578,Jimmy Butler,18.8,3.0,19,21,106,2447,390,768,36,94,461,596,172,180,115,50,110,117,1277,.508,.383,.773,34.5,12.0,5.5,1.7
579,Justin Harper,3.2,4.0,18,21,137,2052,537,1111,179,468,204,287,119,102,76,113,172,164,1457,.483,.382,.711,28.5,10.6,4.8,0.7
580,Kyle Singler,9.6,4.0,19,22,148,2722,814,1879,267,736,497,643,178,293,168,107,316,184,2392,.433,.363,.773,35.4,16.2,6.9,2.0
581,Shelvin Mack,12.5,3.0,18,20,108,2392,515,1228,216,605,281,372,47,357,118,9,239,137,1527,.419,.357,.755,31.5,14.1,4.2,3.3
582,Tyler Honeycutt,8.1,2.0,19,20,59,1873,213,494,65,181,117,171,103,163,68,98,163,112,608,.431,.359,.684,31.7,10.3,6.9,2.8
583,Jordan Williams,14.5,2.0,19,20,66,1890,339,642,0,0,195,349,215,28,47,77,84,170,873,.528,,.559,28.6,13.2,10.2,0.4
584,Trey Thompkins,12.0,3.0,18,20,89,1899,535,1141,79,221,247,339,121,124,90,117,235,148,1396,.469,.357,.729,31.1,15.7,7.8,1.4
585,Chandler Parsons,15.3,4.0,19,22,142,2283,527,1105,153,454,245,401,151,339,129,42,234,137,1452,.477,.337,.611,32.6,10.2,6.0,2.4
586,Jon Leuer,15.3,4.0,18,21,123,1830,518,1074,100,272,240,332,92,135,51,85,142,125,1376,.482,.368,.723,31.6,11.2,4.5,1.1
587,Darius Morris,7.7,2.0,19,20,67,1996,253,539,23,103,137,197,45,319,56,6,154,135,666,.469,.223,.695,29.8,9.9,2.9,4.8
588,Malcolm Lee,9.5,3.0,18,20,94,2205,312,707,71,255,218,304,63,184,72,20,161,154,913,.441,.278,.717,33.9,9.7,3.0,2.0
589,Charles Jenkins,10.7,4.0,18,21,128,2466,847,1856,180,471,639,788,56,489,213,71,385,155,2513,.456,.382,.811,36.8,19.6,4.3,3.8
590,Josh Harrellson,13.4,3.0,19,21,94,1171,185,337,9,29,61,94,149,39,46,84,60,99,440,.549,.310,.649,19.5,4.7,4.7,0.4
591,Andrew Goudelock,8.6,4.0,19,22,140,2512,956,2092,396,958,263,314,50,424,130,37,311,124,2571,.457,.413,.838,35.4,18.4,3.3,3.0
592,Travis Leslie,14.6,3.0,18,20,90,1974,417,866,19,57,246,331,202,191,101,63,180,128,1099,.482,.333,.743,30.8,12.2,6.1,2.1
593,Keith Benson,6.0,4.0,19,22,135,2228,684,1226,11,29,524,772,204,94,68,369,183,212,1903,.558,.379,.679,31.8,14.1,8.2,0.7
594,Josh Selby,2.7,1.0,19,19,26,530,72,193,34,94,28,37,10,56,21,1,53,44,206,.373,.362,.757,20.4,7.9,2.2,2.2
595,Lavoy Allen,12.3,4.0,18,21,135,2326,592,1109,19,66,218,325,212,281,72,213,189,153,1421,.534,.288,.671,34.2,10.5,8.5,2.1
596,Vernon Macklin,18.2,4.0,20,24,136,1764,439,720,0,1,115,253,173,94,42,83,135,172,993,.610,.000,.455,24.8,7.3,3.7,0.7
597,DeAndre Liggins,7.7,3.0,20,22,100,1646,194,477,62,187,126,196,40,212,90,50,147,136,576,.407,.332,.643,24.6,5.8,3.0,2.1
598,E'Twaun Moore,11.0,4.0,18,21,140,2255,780,1774,243,639,333,457,83,400,164,59,289,150,2136,.440,.380,.729,32.7,15.3,4.4,2.9
599,Isaiah Thomas,20.5,3.0,19,21,105,2204,554,1301,164,505,449,630,46,415,122,7,279,142,1721,.426,.325,.713,31.5,16.4,3.5,4.0
600,Anthony Davis,26.6,1.0,18,18,40,1281,210,337,3,20,144,203,119,50,54,186,41,78,567,.623,.150,.709,32.0,14.2,10.4,1.3
601,Michael Kidd-Gilchrist,13.7,1.0,18,18,40,1245,160,326,13,51,143,192,103,75,39,37,87,97,476,.491,.255,.745,31.1,11.9,7.4,1.9
602,Bradley Beal,15.0,1.0,18,18,37,1267,175,393,63,186,133,173,50,83,51,31,79,76,546,.445,.339,.769,34.2,14.8,6.7,2.2
603,Dion Waiters,11.7,2.0,19,20,71,1445,248,547,69,198,125,166,30,142,105,16,78,115,690,.453,.348,.753,20.4,9.7,1.9,2.0
604,Thomas Robinson,13.8,3.0,18,20,105,1960,395,753,7,14,229,378,221,101,63,74,173,217,1026,.525,.500,.606,18.7,9.8,7.3,1.0
605,Damian Lillard,19.8,4.0,18,21,104,2452,584,1310,246,630,520,600,34,362,129,19,246,143,1934,.446,.390,.867,33.6,18.6,4.3,3.5
606,Harrison Barnes,12.6,2.0,18,19,75,2198,438,1018,116,332,234,319,149,96,68,29,146,140,1226,.430,.349,.734,29.3,16.3,5.5,1.3
607,Terrence Ross,12.2,2.0,19,20,69,1681,317,700,116,319,97,127,77,82,63,45,94,168,847,.453,.364,.764,24.4,12.3,4.7,1.2
608,Andre Drummond,21.7,1.0,18,18,34,967,157,292,0,2,26,88,114,15,28,92,52,75,340,.538,.000,.295,28.4,10.0,7.6,0.4
609,Austin Rivers,10.0,1.0,19,19,34,1129,174,402,58,159,121,184,21,71,33,1,79,76,527,.433,.365,.658,33.2,15.5,3.4,2.1
610,Meyers Leonard,11.6,2.0,18,19,65,1290,198,349,1,12,105,144,83,48,20,73,94,144,502,.567,.083,.729,19.8,7.7,4.7,0.7
611,Jeremy Lamb,14.7,2.0,18,19,75,2406,399,828,117,336,145,180,82,124,77,46,120,121,1060,.482,.348,.806,32.1,14.1,4.7,1.7
612,Kendall Marshall,10.7,2.0,19,20,73,2101,181,406,48,131,113,163,12,581,83,9,193,106,523,.446,.366,.693,28.8,7.2,2.3,8.0
613,John Henson,17.6,3.0,19,21,109,2594,475,955,5,24,169,349,269,108,69,277,166,159,1124,.497,.208,.484,23.8,10.3,8.1,1.0
614,Maurice Harkless,12.2,1.0,18,18,32,1155,193,427,17,79,94,139,88,47,51,45,80,74,497,.452,.215,.676,36.1,15.5,8.6,1.5
615,Royce White,-8.3,1.0,20,20,34,1072,175,328,4,12,102,205,85,170,40,32,130,89,456,.534,.333,.498,31.5,13.4,9.3,5.0
616,Tyler Zeller,14.8,4.0,19,22,117,2579,548,1010,0,2,407,525,305,69,78,130,165,251,1503,.543,.000,.775,25.3,12.8,6.7,0.6
617,Terrence Jones,17.1,2.0,19,20,76,2311,383,820,42,128,256,401,188,111,92,140,137,182,1064,.467,.328,.638,30.4,14.0,8.0,1.5
618,Andrew Nicholson,12.4,4.0,19,22,123,2918,809,1407,29,77,456,633,207,87,61,244,296,272,2103,.575,.377,.720,31.4,17.1,7.2,0.7
619,Jared Sullinger,16.4,2.0,18,19,74,2295,450,849,19,52,363,495,247,89,80,59,130,199,1282,.530,.365,.733,31.0,17.3,9.7,1.2
620,Fab Melo,4.9,2.0,20,21,63,1090,132,229,0,0,47,85,102,29,25,113,68,145,311,.576,,.553,17.3,4.9,3.8,0.5
621,John Jenkins,12.0,3.0,18,20,98,2998,516,1102,306,699,320,374,41,111,67,27,130,122,1658,.468,.438,.856,30.6,16.9,2.7,1.1
622,Jared Cunningham,6.8,3.0,18,20,98,2733,380,835,84,244,427,566,93,193,219,24,251,247,1271,.455,.344,.754,27.9,13.0,3.0,2.0
623,Tony Wroten,12.6,1.0,18,18,35,1062,198,447,9,56,154,264,80,130,66,13,132,93,559,.443,.161,.583,30.3,16.0,5.0,3.7
624,Miles Plumlee,14.4,4.0,20,23,135,1968,262,470,1,1,125,200,235,45,62,87,138,269,650,.557,1.000,.625,17.7,4.8,4.8,0.3
625,Arnett Moultrie,14.1,3.0,18,21,100,2028,441,863,28,97,232,343,175,100,101,85,206,139,1142,.511,.289,.676,32.2,11.4,8.4,1.0
626,Perry Jones,8.5,2.0,19,20,63,2030,344,659,12,43,162,239,168,78,44,47,125,148,862,.522,.279,.678,32.2,13.7,7.4,1.2
627,Marquis Teague,4.8,1.0,18,18,40,1303,145,352,26,80,85,119,17,191,37,11,109,91,401,.412,.325,.714,32.6,10.0,2.5,4.8
628,Festus Ezeli,13.4,4.0,19,22,121,1808,330,587,0,0,274,469,187,18,41,205,195,256,934,.562,,.584,19.7,7.7,4.5,0.1
629,Jeff Taylor,8.9,4.0,19,22,134,3118,665,1378,115,321,452,652,198,252,146,60,309,237,1897,.483,.358,.693,30.3,14.2,5.6,1.9
630,Bernard James,13.8,2.0,25,26,69,1698,274,437,0,0,123,233,181,24,55,164,123,124,671,.627,,.528,24.6,9.7,7.0,0.3
631,Jae Crowder,13.7,2.0,20,21,72,2174,375,762,103,294,196,287,153,131,136,67,74,178,1049,.492,.350,.683,30.2,14.6,7.6,1.8
632,Draymond Green,15.7,4.0,18,21,145,3197,543,1163,91,252,340,495,244,425,180,116,277,330,1517,.467,.361,.687,29.6,10.5,7.6,2.9
633,Orlando Johnson,8.5,4.0,18,22,124,3071,738,1615,222,568,510,708,157,319,112,68,324,196,2208,.457,.391,.720,33.0,17.8,5.6,2.6
634,Quincy Acy,12.6,4.0,18,21,139,2930,503,835,3,7,351,496,251,86,102,177,214,280,1360,.602,.429,.708,27.9,9.8,6.0,0.6
635,Quincy Miller,8.4,1.0,19,19,37,903,138,309,24,69,93,114,54,53,25,24,66,69,393,.447,.348,.816,24.4,10.6,4.9,1.4
636,Khris Middleton,14.8,3.0,18,20,87,2263,340,789,92,287,209,272,131,175,87,17,173,187,981,.431,.321,.768,26.0,11.3,4.6,2.0
637,Will Barton,14.2,2.0,20,21,70,2306,397,842,76,254,192,262,119,201,104,42,164,154,1062,.471,.299,.733,32.9,15.2,6.5,2.9
638,Tyshawn Taylor,5.8,4.0,18,21,146,3111,551,1156,120,324,358,506,36,575,172,31,379,226,1580,.477,.370,.708,28.0,10.8,2.2,3.9
639,Doron Lamb,6.3,2.0,19,20,78,2327,336,693,144,303,202,249,34,122,41,8,94,157,1018,.485,.475,.811,29.8,13.1,2.3,1.6
640,Mike Scott,14.7,5.0,19,23,130,2104,585,1122,16,44,352,454,172,124,85,51,211,126,1538,.521,.364,.775,30.1,11.8,7.3,1.0
641,Kim English,7.9,4.0,20,23,141,2862,515,1227,239,606,301,414,75,204,151,28,236,199,1570,.420,.394,.727,27.8,11.1,3.0,1.4
642,Justin Hamilton,13.6,3.0,18,21,96,1653,289,540,3,12,177,239,192,45,36,93,101,154,758,.535,.250,.741,25.8,7.9,5.2,0.5
643,Darius Miller,7.3,4.0,18,21,152,3025,444,990,175,462,185,227,120,278,114,100,214,259,1248,.448,.379,.815,26.1,8.2,3.2,1.8
644,Kevin Murphy,-4.5,4.0,18,21,128,3108,706,1594,191,513,416,567,85,249,102,24,381,218,2019,.443,.372,.734,31.7,15.8,4.2,1.9
645,Kyle O'Quinn,16.7,4.0,18,21,129,3024,610,1104,54,207,333,486,301,122,69,283,262,325,1607,.553,.261,.685,30.9,12.5,8.5,0.9
646,Kris Joseph,0.6,4.0,20,23,140,3267,491,1094,112,338,382,544,154,208,179,67,217,189,1476,.449,.331,.702,30.8,10.5,4.5,1.5
647,Darius Johnson-Odom,-18.4,3.0,20,22,105,3238,558,1257,221,549,312,432,56,262,93,17,223,237,1649,.444,.403,.722,30.8,15.7,3.1,2.5
648,Robbie Hummel,9.6,4.0,18,22,127,1945,583,1315,216,555,390,464,99,268,131,112,138,130,1772,.443,.389,.841,31.4,14.0,6.8,2.1
649,Robert Sacre,10.8,5.0,18,22,136,2633,409,812,1,4,451,614,216,91,70,186,220,264,1270,.504,.250,.735,25.8,9.3,5.0,0.7
650,Anthony Bennett,10.3,1.0,19,19,35,950,202,379,36,96,124,177,86,34,24,43,65,80,564,.533,.375,.701,27.1,16.1,8.1,1.0
651,Victor Oladipo,15.2,3.0,18,20,104,2558,406,754,48,142,257,359,207,175,161,56,203,248,1117,.538,.338,.716,24.6,10.7,5.2,1.7
652,Otto Porter,14.1,2.0,18,19,64,2077,293,588,55,155,181,241,121,135,94,55,85,125,822,.498,.355,.751,32.5,12.8,7.1,2.1
653,Cody Zeller,15.0,2.0,19,20,72,2087,399,674,0,2,359,475,188,92,86,87,141,177,1157,.592,.000,.756,29.0,16.1,7.3,1.3
654,Alex Len,12.9,2.0,18,19,60,1470,225,418,1,9,132,199,145,50,12,125,93,155,583,.538,.111,.663,24.5,9.7,7.0,0.8
655,Nerlens Noel,15.8,1.0,18,18,24,765,98,166,0,0,55,104,65,38,50,106,45,62,251,.590,,.529,31.9,10.5,9.5,1.6
656,Ben McLemore,8.9,1.0,19,19,37,1191,198,400,73,174,120,138,47,73,37,25,77,69,589,.495,.420,.870,32.2,15.9,5.2,2.0
657,Kentavious Caldwell-Pope,11.9,2.0,18,19,64,2114,338,814,149,439,188,250,82,96,123,28,100,139,1013,.415,.339,.752,33.0,15.8,6.1,1.5
658,Trey Burke,12.7,2.0,19,20,73,2605,436,969,133,362,226,291,43,416,93,33,180,126,1231,.450,.367,.777,35.7,16.9,3.3,5.7
659,C.J. McCollum,17.0,4.0,18,21,111,3657,767,1746,217,576,610,739,167,304,228,51,267,195,2361,.439,.377,.825,32.9,21.3,6.3,2.7
660,Michael Carter-Williams,14.3,2.0,20,21,66,1678,180,452,42,137,142,209,60,345,129,27,154,117,544,.398,.307,.679,25.4,8.2,3.6,5.2
661,Steven Adams,14.7,1.0,19,19,32,749,100,175,0,0,31,70,90,20,21,65,35,52,231,.571,,.443,23.4,7.2,6.3,0.6
662,Kelly Olynyk,15.6,3.0,18,21,101,1735,338,569,25,75,202,285,152,107,52,46,140,197,903,.594,.333,.709,17.2,8.9,4.6,1.1
663,Shabazz Muhammad,15.6,1.0,20,20,32,987,202,456,40,106,128,180,87,27,23,4,51,53,572,.443,.377,.711,30.8,17.9,5.2,0.8
664,Shane Larkin,11.6,2.0,19,20,68,2131,256,585,101,269,147,182,35,245,121,6,142,111,760,.438,.375,.808,31.3,11.2,3.2,3.6
665,Tony Snell,8.5,3.0,19,21,104,2583,311,738,165,434,165,201,41,213,53,36,154,122,952,.421,.380,.821,24.8,9.2,2.4,2.0
666,Gorgui Dieng,16.5,3.0,21,23,102,2789,338,620,1,3,174,272,304,127,104,267,166,280,851,.545,.333,.640,27.3,8.3,7.9,1.2
667,Mason Plumlee,18.1,4.0,19,22,141,3652,525,915,2,10,332,569,333,212,115,199,282,347,1384,.574,.200,.583,25.9,9.8,7.7,1.5
668,Solomon Hill,9.7,4.0,18,21,139,4030,487,1012,115,307,341,458,250,304,127,49,290,339,1430,.481,.375,.745,29.0,10.3,5.6,2.2
669,Tim Hardaway,12.6,3.0,18,20,107,3560,527,1239,202,589,276,381,62,225,76,33,182,212,1532,.425,.343,.724,33.3,14.3,4.1,2.1
670,Reggie Bullock,8.8,3.0,19,21,100,2457,358,815,188,486,85,118,156,169,87,21,94,121,989,.439,.387,.720,24.6,9.9,5.0,1.7
671,Andre Roberson,9.3,3.0,19,21,105,2970,382,741,50,143,198,340,309,119,164,150,183,274,1012,.516,.350,.582,28.3,9.6,10.0,1.1
672,Archie Goodwin,11.1,1.0,18,18,33,1048,157,357,17,64,135,212,48,88,36,15,101,97,466,.440,.266,.637,31.8,14.1,4.6,2.7
673,Allen Crabbe,11.1,3.0,18,20,98,3402,533,1195,209,547,262,320,85,219,84,57,182,165,1537,.446,.382,.819,34.7,15.7,5.7,2.2
674,Carrick Felix,13.3,3.0,20,22,94,2626,341,748,99,304,174,247,125,125,96,74,162,224,955,.456,.326,.704,27.9,10.2,4.8,1.3
675,Isaiah Canaan,10.9,4.0,18,21,132,3876,635,1411,304,725,476,593,73,385,157,10,311,241,2050,.450,.419,.803,29.4,15.5,2.8,2.9
676,"Glen Rice, Jr.",3.8,3.0,19,21,87,2156,316,727,100,289,129,211,143,185,111,47,162,194,861,.435,.346,.611,24.8,9.9,4.8,2.1
677,Ray McCallum,11.0,3.0,19,21,102,3519,546,1173,97,335,429,593,126,451,175,32,233,210,1618,.465,.290,.723,34.5,15.9,4.8,4.4
678,Tony Mitchell,18.1,2.0,19,20,55,1713,258,526,48,141,191,272,136,62,51,157,143,163,755,.490,.340,.702,31.1,13.7,9.3,1.1
679,Nate Wolters,11.4,4.0,18,21,127,4204,773,1716,158,462,648,807,120,668,192,21,280,229,2352,.450,.342,.803,33.1,18.5,4.7,5.3
680,Jeff Withey,16.8,4.0,19,22,117,2319,327,576,1,1,283,390,185,69,59,311,138,208,938,.568,1.000,.726,19.8,8.0,5.4,0.6
681,Grant Jerrett,1.5,1.0,19,19,34,606,63,154,32,79,18,22,37,18,16,33,19,44,176,.409,.405,.818,17.8,5.2,3.6,0.5
682,Jamaal Franklin,4.7,3.0,19,21,85,2198,362,849,98,325,340,436,128,162,86,51,218,182,1162,.426,.302,.780,25.9,13.7,7.0,1.9
683,Pierre Jackson,6.6,2.0,20,21,74,2424,390,884,157,414,298,369,57,478,122,3,256,168,1235,.441,.379,.808,32.8,16.7,3.3,6.5
684,Mike Muscala,14.9,4.0,18,21,133,3815,723,1443,21,67,569,695,301,211,56,271,217,312,2036,.501,.313,.819,28.7,15.3,8.2,1.6
685,Erick Green,9.3,4.0,18,21,129,3648,592,1356,140,414,418,520,59,326,156,26,178,208,1742,.437,.338,.804,28.3,13.5,2.6,2.5
686,Ryan Kelly,10.6,4.0,18,21,126,2437,314,682,102,269,219,272,141,117,73,133,104,237,949,.460,.379,.805,19.3,7.5,3.7,0.9
687,Erik Murphy,0.2,4.0,19,22,136,2488,397,773,143,329,115,152,160,95,58,85,139,297,1052,.514,.435,.757,18.3,7.7,3.7,0.7
688,Lorenzo Brown,9.8,3.0,20,22,101,3289,410,955,64,210,283,382,74,589,172,50,304,190,1167,.429,.305,.741,32.6,11.6,4.2,5.8
689,Peyton Siva,5.7,4.0,19,22,144,3774,412,989,99,340,292,396,48,677,254,19,384,379,1215,.417,.291,.737,26.2,8.4,2.4,4.7
690,Andrew Wiggins,15.1,1.0,18,18,35,1148,189,422,43,126,176,227,76,54,41,34,80,94,597,.448,.341,.775,32.8,17.1,5.9,1.5
691,Jabari Parker,16.2,1.0,18,18,35,1074,236,499,38,106,160,214,105,41,37,43,81,83,670,.473,.358,.748,30.7,19.1,8.7,1.2
692,Joel Embiid,24.1,1.0,19,19,28,647,107,171,1,5,98,143,65,38,25,72,66,94,313,.626,.200,.685,23.1,11.2,8.1,1.4
693,Aaron Gordon,14.7,1.0,18,18,38,1187,189,382,16,45,76,180,102,75,34,39,55,90,470,.495,.356,.422,31.2,12.4,8.0,2.0
694,Marcus Smart,11.2,2.0,18,19,64,2120,314,760,87,295,349,465,94,287,188,40,193,183,1064,.413,.295,.751,33.1,16.6,5.9,4.5
695,Julius Randle,14.5,1.0,19,19,40,1233,196,391,3,18,204,289,139,57,20,31,101,91,599,.501,.167,.706,30.8,15.0,10.4,1.4
696,Nik Stauskas,8.6,2.0,19,20,75,2471,323,692,172,390,242,291,35,170,42,20,111,73,1060,.467,.441,.832,32.9,14.1,2.9,2.3
697,Noah Vonleh,9.3,1.0,18,18,30,794,113,216,16,33,96,134,71,18,26,41,64,81,338,.523,.485,.716,26.5,11.3,9.0,0.6
698,Elfrid Payton,14.4,3.0,17,19,100,3155,501,1032,30,112,394,645,148,486,197,51,336,226,1426,.485,.268,.611,31.6,14.3,5.1,4.9
699,Doug McDermott,10.5,4.0,19,22,145,4569,1141,2075,274,598,594,715,281,194,34,14,321,265,3150,.550,.458,.831,31.5,21.7,7.5,1.3
700,Zach LaVine,13.7,1.0,18,18,37,904,127,288,48,128,47,68,18,66,33,6,42,73,349,.441,.375,.691,24.4,9.4,2.5,1.8
701,T.J. Warren,15.0,2.0,19,20,70,2182,528,951,45,143,195,298,187,68,105,36,117,174,1296,.555,.315,.654,31.2,18.5,5.7,1.0
702,Adreian Payne,7.5,4.0,19,22,138,2759,447,850,61,149,277,367,211,85,76,141,187,297,1232,.526,.409,.755,20.0,8.9,5.3,0.6
703,James Young,7.0,1.0,18,18,40,1296,183,450,82,235,125,177,41,67,30,8,75,83,573,.407,.349,.706,32.4,14.3,4.3,1.7
704,Tyler Ennis,8.5,1.0,19,19,34,1215,148,360,30,85,114,149,27,187,71,6,58,69,440,.411,.353,.765,35.7,12.9,3.4,5.5
705,Gary Harris,11.6,2.0,18,19,69,2141,345,784,146,388,189,240,67,140,108,21,111,141,1025,.440,.376,.788,31.0,14.9,3.3,2.0
706,Mitch McGary,15.4,2.0,20,21,47,967,164,279,0,2,39,76,122,37,57,34,60,117,367,.588,.000,.513,20.6,7.8,6.6,0.8
707,Jordan Adams,13.1,2.0,18,19,69,2081,373,798,98,296,287,342,88,142,168,17,94,147,1131,.467,.331,.839,30.2,16.4,4.6,2.1
708,Rodney Hood,13.4,2.0,19,21,67,2200,318,699,118,298,136,176,60,139,38,23,84,132,890,.455,.396,.773,32.8,13.3,4.3,2.1
709,Shabazz Napier,9.8,4.0,19,22,143,4614,595,1447,260,693,509,626,101,646,251,30,350,301,1959,.411,.375,.813,32.3,13.7,4.0,4.5
710,P.J. Hairston,7.6,2.0,19,20,71,1286,220,567,127,364,140,175,93,74,57,20,66,118,707,.388,.349,.800,18.1,10.0,3.2,1.0
711,C.J. Wilcox,9.9,4.0,20,23,131,3735,640,1478,301,773,299,356,110,214,112,98,178,250,1880,.433,.389,.840,28.5,14.4,3.4,1.6
712,Josh Huestis,6.7,4.0,19,22,135,3376,392,870,66,207,169,277,292,113,67,190,125,230,1019,.451,.319,.610,25.0,7.5,6.2,0.8
713,Kyle Anderson,11.7,2.0,19,20,71,2242,303,670,36,96,223,303,119,355,126,58,183,132,865,.452,.375,.736,31.6,12.2,8.7,5.0
714,K.J. McDaniels,10.5,3.0,18,20,94,2287,362,804,81,259,230,300,170,85,83,178,140,168,1035,.450,.313,.767,24.3,11.0,4.8,0.9
715,Joe Harris,7.9,4.0,19,22,135,4084,568,1276,263,646,299,414,116,254,116,48,213,307,1698,.445,.407,.722,30.3,12.6,3.8,1.9
716,Cleanthony Early,7.2,2.0,21,22,75,1965,371,790,113,325,280,342,137,50,58,63,131,183,1135,.470,.348,.819,26.2,15.1,5.7,0.7
717,Jarnell Stokes,19.4,3.0,18,20,87,2587,411,776,0,3,307,489,337,129,65,94,180,190,1129,.530,.000,.628,29.7,13.0,9.6,1.5
718,Johnny O'Bryant,6.3,3.0,18,20,91,2465,446,956,6,27,257,415,277,115,47,72,267,255,1155,.467,.222,.619,27.1,12.7,7.7,1.3
719,Spencer Dinwiddie,9.7,3.0,18,20,86,2590,290,690,115,298,420,506,42,227,97,29,153,181,1115,.420,.386,.830,30.1,13.0,3.3,2.6
720,Jerami Grant,10.8,2.0,18,19,72,1577,187,385,6,20,161,251,124,62,43,36,63,129,541,.486,.300,.641,21.9,7.5,4.7,0.9
721,Glenn Robinson III,9.8,2.0,19,20,76,2506,349,665,56,179,158,220,137,87,74,21,78,99,912,.525,.313,.718,33.0,12.0,4.9,1.1
722,Nick Johnson,4.8,3.0,19,21,108,3339,441,1048,144,401,307,418,64,304,137,64,197,220,1333,.421,.359,.734,30.9,12.3,3.7,2.8
723,Markel Brown,10.3,4.0,19,22,134,4088,551,1255,146,421,407,555,104,308,136,113,239,285,1655,.439,.347,.733,30.5,12.4,4.3,2.3
724,Dwight Powell,17.3,4.0,19,22,136,3569,515,1110,33,114,402,557,225,240,125,118,283,390,1465,.464,.289,.722,26.2,10.8,6.3,1.8
725,Jordan Clarkson,15.0,3.0,18,21,93,2952,473,1075,95,295,392,487,74,249,87,26,254,211,1433,.440,.322,.805,31.7,15.4,3.3,2.7
726,Russ Smith,7.8,4.0,19,22,133,3228,620,1501,180,521,488,642,98,378,257,8,316,321,1908,.413,.345,.760,24.3,14.3,2.7,2.8
727,Lamar Patterson,5.1,5.0,18,22,149,3628,477,1097,171,463,285,394,173,427,146,44,244,276,1410,.435,.369,.723,24.3,9.5,3.9,2.9
728,Cameron Bairstow,5.0,4.0,20,23,134,2787,418,808,2,6,401,559,234,102,62,99,157,282,1239,.517,.333,.717,20.8,9.2,4.8,0.8
729,Semaj Christon,6.3,2.0,20,21,64,2227,363,785,26,77,282,421,20,281,90,11,198,152,1034,.462,.338,.670,34.8,16.2,2.8,4.4
730,Devyn Marble,5.5,4.0,18,21,136,3749,564,1359,134,396,432,595,118,397,176,33,232,212,1694,.415,.338,.726,27.6,12.5,3.4,2.9
731,Jordan McRae,12.0,4.0,19,22,114,3088,496,1190,179,522,350,455,75,209,73,97,225,218,1521,.417,.343,.769,27.1,13.3,3.3,1.8
732,Cory Jefferson,13.2,4.0,19,23,130,2589,431,794,17,50,280,424,243,51,42,166,101,226,1159,.543,.340,.660,19.9,8.9,5.6,0.4
733,Karl-Anthony Towns,22.5,1.0,19,19,39,822,145,256,2,8,109,134,92,44,18,88,53,115,401,.566,.250,.813,21.1,10.3,6.7,1.1
734,D'Angelo Russell,13.8,1.0,18,18,35,1188,231,515,95,231,118,156,35,175,55,11,102,74,675,.449,.411,.756,33.9,19.3,5.7,5.0
735,Jahlil Okafor,16.5,1.0,19,19,38,1143,279,420,0,0,99,194,134,49,29,54,95,81,657,.664,,.510,30.1,17.3,8.5,1.3
736,Willie Cauley-Stein,14.7,3.0,19,21,105,2575,346,583,0,0,151,297,250,90,115,233,127,246,843,.593,,.508,24.5,8.0,6.2,0.9
737,Stanley Johnson,8.8,1.0,18,18,38,1081,174,390,43,116,132,178,75,63,57,15,82,100,523,.446,.371,.742,28.4,13.8,6.5,1.7
738,Frank Kaminsky,12.3,4.0,18,21,144,2943,529,1013,103,279,297,389,182,188,77,153,121,235,1458,.522,.369,.763,20.4,10.1,4.6,1.3
739,Justise Winslow,8.4,1.0,18,18,39,1135,173,356,46,110,100,156,49,82,52,34,71,108,492,.486,.418,.641,29.1,12.6,6.5,2.1
740,Myles Turner,17.6,1.0,18,18,34,755,117,257,17,62,94,112,44,20,10,89,47,82,345,.455,.274,.839,22.2,10.1,6.5,0.6
741,Trey Lyles,12.2,1.0,19,19,36,828,117,240,4,29,75,102,65,38,19,16,41,57,313,.488,.138,.735,23.0,8.7,5.2,1.1
742,Devin Booker,12.7,1.0,18,18,38,816,135,287,58,141,53,64,17,42,17,2,37,58,381,.470,.411,.828,21.5,10.0,2.0,1.1
743,Cameron Payne,11.8,2.0,19,20,69,2238,435,1007,156,434,253,324,31,394,125,37,197,168,1279,.432,.359,.781,32.4,18.5,3.7,5.7
744,Kelly Oubre Jr.,9.0,1.0,19,19,36,756,110,248,34,95,79,110,41,28,41,13,43,71,333,.444,.358,.718,21.0,9.3,5.0,0.8
745,Terry Rozier,9.0,2.0,19,20,73,1959,307,753,84,254,176,228,71,175,110,8,101,116,874,.408,.331,.772,26.8,12.0,4.3,2.4
746,Rashad Vaughn,5.1,1.0,18,18,23,742,144,328,54,141,68,98,14,36,18,8,50,54,410,.439,.383,.694,32.3,17.8,4.8,1.6
747,Sam Dekker,13.9,3.0,18,20,113,3153,499,1012,142,408,223,321,185,148,73,54,114,137,1363,.493,.348,.695,27.9,12.1,5.0,1.3
748,Jerian Grant,11.2,5.0,18,22,120,4337,556,1276,179,519,448,567,48,690,175,37,266,219,1739,.436,.345,.790,36.1,14.5,2.9,5.8
749,Delon Wright,17.8,2.0,21,22,68,2367,339,634,38,127,306,376,76,352,155,77,152,110,1022,.535,.299,.814,34.8,15.0,5.8,5.2
750,Justin Anderson,13.1,3.0,19,21,98,2364,288,669,97,272,200,266,75,180,60,84,125,137,873,.430,.357,.752,24.1,8.9,3.5,1.8
751,Bobby Portis,13.4,2.0,18,19,70,1994,411,782,23,63,202,274,219,92,74,104,97,137,1047,.526,.365,.737,28.5,15.0,7.9,1.3
752,Rondae Hollis-Jefferson,12.9,2.0,19,20,76,2050,259,522,8,39,248,356,160,114,72,72,103,186,774,.496,.205,.697,27.0,10.2,6.3,1.5
753,Tyus Jones,12.5,1.0,18,18,39,1322,135,324,47,124,144,162,19,217,59,3,76,46,461,.417,.379,.889,33.9,11.8,3.5,5.6
754,Jarell Martin,10.6,2.0,19,20,65,1996,323,654,41,133,202,293,154,88,65,45,144,170,889,.494,.308,.689,30.7,13.7,6.9,1.4
755,Larry Nance Jr.,14.2,4.0,19,22,123,3631,510,978,36,117,330,428,185,172,141,135,193,284,1386,.521,.308,.771,29.5,11.3,6.6,1.4
756,R.J. Hunter,7.4,3.0,19,21,99,3438,559,1321,253,715,448,525,68,240,191,92,168,214,1819,.423,.354,.853,34.7,18.4,4.8,2.4
757,Chris McCullough,12.6,1.0,19,19,16,450,54,113,1,1,40,71,36,18,27,33,35,41,149,.478,1.000,.563,28.1,9.3,6.9,1.1
758,Kevon Looney,15.7,1.0,18,18,36,1113,151,321,22,53,92,147,122,51,46,32,45,104,416,.470,.415,.626,30.9,11.6,9.2,1.4
759,Montrezl Harrell,18.5,3.0,19,21,112,2961,533,910,11,40,217,407,294,102,91,118,145,214,1294,.586,.275,.533,26.4,11.6,6.9,0.9
760,Jordan Mickey,13.2,2.0,19,20,65,2197,363,701,1,14,186,278,176,76,50,218,179,155,913,.518,.071,.669,33.8,14.0,8.8,1.2
761,Anthony Brown,5.1,5.0,18,22,144,4200,518,1211,218,541,308,410,139,231,99,23,228,257,1562,.428,.403,.751,29.2,10.8,4.8,1.6
762,Rakeem Christmas,16.0,4.0,20,23,142,3126,409,731,0,1,228,335,280,86,77,247,162,375,1046,.560,.000,.681,22.0,7.4,5.3,0.6
763,Richaun Holmes,16.3,3.0,19,21,95,2518,403,728,30,85,253,363,250,62,75,244,143,233,1089,.554,.353,.697,26.5,11.5,6.9,0.7
764,Darrun Hilliard,7.7,4.0,18,21,132,3537,491,1125,209,569,320,428,71,248,176,47,206,274,1511,.436,.367,.748,26.8,11.4,3.0,1.9
765,Josh Richardson,10.6,4.0,18,21,136,3842,458,1005,98,308,238,314,116,246,147,88,209,301,1252,.456,.318,.758,28.3,9.2,3.2,1.8
766,Pat Connaughton,7.7,4.0,19,22,139,4484,515,1145,268,695,167,215,137,257,93,71,135,232,1465,.450,.386,.777,32.3,10.5,5.9,1.8
767,Joe Young,10.3,4.0,19,22,132,4333,778,1718,288,739,460,519,85,351,130,8,221,194,2304,.453,.390,.886,32.8,17.5,3.6,2.7
768,Andrew Harrison,8.4,2.0,19,20,79,2261,222,597,69,188,285,367,45,298,61,17,173,189,798,.372,.367,.777,28.6,10.1,2.7,3.8
769,Norman Powell,13.5,4.0,18,21,141,3555,503,1090,111,354,259,347,58,214,158,57,180,288,1376,.461,.314,.746,25.2,9.8,3.0,1.5
770,Branden Dawson,7.1,4.0,18,21,130,3456,566,1013,0,9,177,317,329,181,163,142,219,212,1309,.559,.000,.558,26.6,10.1,6.9,1.4
771,Brandon Ingram,8.0,1.0,18,18,36,1246,214,484,80,195,116,170,67,72,41,49,72,74,624,.442,.410,.682,34.6,17.3,6.8,2.0
772,Jaylen Brown,10.2,1.0,19,19,34,939,163,378,30,102,142,217,36,68,27,22,105,108,498,.431,.294,.654,27.6,14.6,5.4,2.0
773,Kris Dunn,7.9,4.0,18,21,95,2997,424,943,73,206,293,423,106,552,208,38,315,280,1214,.450,.354,.693,31.5,12.8,5.1,5.8
774,Buddy Hield,10.5,4.0,19,22,132,4182,783,1748,349,894,376,450,209,254,168,38,285,259,2291,.448,.390,.836,31.7,17.4,5.0,1.9
775,Jamal Murray,9.8,1.0,18,18,36,1267,244,538,113,277,119,152,53,79,35,11,84,75,720,.454,.408,.783,35.2,20.0,5.2,2.2
776,Marquese Chriss,9.9,1.0,18,18,34,848,179,338,21,60,89,130,85,26,32,55,69,138,468,.530,.350,.685,24.9,13.8,5.4,0.8
777,Jakob Poeltl,9.5,2.0,19,20,70,1885,356,541,0,1,219,361,194,93,33,119,129,165,931,.658,.000,.607,26.9,13.3,8.0,1.3
778,Domantas Sabonis,7.9,2.0,18,19,74,1971,384,608,5,14,229,314,192,97,39,43,151,219,1002,.632,.357,.729,26.6,13.5,9.4,1.3
779,Taurean Prince,10.2,4.0,18,21,129,2604,468,1017,130,346,255,355,202,145,121,63,221,271,1321,.460,.376,.718,20.2,10.2,4.2,1.1
780,Denzel Valentine,5.7,4.0,19,22,144,4182,579,1309,265,650,222,285,157,639,132,40,317,303,1645,.442,.408,.779,29.0,11.4,5.9,4.4
781,Wade Baldwin,7.1,2.0,18,19,68,2011,234,543,84,199,240,300,30,327,90,15,158,171,792,.431,.422,.800,29.6,11.6,4.1,4.8
782,Henry Ellenson,6.1,1.0,19,19,33,1107,194,435,30,104,143,191,71,59,28,49,78,84,561,.446,.288,.749,33.5,17.0,9.7,1.8
783,Malik Beasley,12.8,1.0,19,19,34,1014,185,393,55,142,104,128,44,51,32,6,59,75,529,.471,.387,.813,29.8,15.6,5.3,1.5
784,Caris LeVert,11.4,4.0,18,21,103,2721,366,843,134,334,204,265,39,275,97,22,136,151,1070,.434,.401,.770,26.4,10.4,3.5,2.7
785,DeAndre' Bembry,8.7,3.0,19,21,101,3645,580,1270,120,385,310,494,137,364,143,78,248,249,1590,.457,.312,.628,36.1,15.7,6.7,3.6
786,Malachi Richardson,17.1,1.0,20,20,37,1272,152,411,79,224,113,157,19,77,42,10,79,91,496,.370,.353,.720,34.4,13.4,4.3,2.1
787,Pascal Siakam,11.0,2.0,20,21,68,2224,440,799,3,17,241,339,243,103,62,136,131,180,1124,.551,.176,.711,32.7,16.5,9.7,1.5
788,Skal Labissiere,16.7,1.0,19,19,36,567,98,190,0,2,41,62,35,11,9,59,33,108,237,.516,.000,.661,15.8,6.6,3.1,0.3
789,Dejounte Murray,9.2,1.0,19,19,34,1139,202,486,34,118,110,166,48,151,62,10,110,90,548,.416,.288,.663,33.5,16.1,6.0,4.4
790,Damian Jones,-15.0,3.0,18,20,99,2684,508,897,1,8,296,524,207,71,37,167,197,301,1313,.566,.125,.565,27.1,13.3,6.4,0.7
791,Deyonta Davis,11.8,1.0,19,19,35,650,119,199,0,0,23,38,72,26,9,64,30,80,261,.598,,.605,18.6,7.5,5.5,0.7
792,Cheick Diallo,17.3,1.0,19,19,27,202,33,58,0,0,15,27,17,1,7,23,17,38,81,.569,,.556,7.5,3.0,2.5,0.0
793,Tyler Ulis,10.0,2.0,19,20,72,2170,259,607,88,237,209,247,35,381,88,6,107,120,815,.427,.371,.846,30.1,11.3,2.4,5.3
794,Malcolm Brogdon,14.2,4.0,19,23,136,4157,601,1399,185,507,422,482,82,335,117,31,207,250,1809,.430,.365,.876,30.6,13.3,4.1,2.5
795,Chinanu Onuaku,37.7,2.0,18,19,66,1385,182,294,0,1,47,86,160,70,50,104,109,175,411,.619,.000,.547,21.0,6.2,6.4,1.1
796,Patrick McCaw,6.3,2.0,19,20,65,2060,273,622,125,341,122,162,61,214,129,23,125,122,793,.439,.367,.753,31.7,12.2,4.2,3.3
797,Diamond Stone,-2.8,1.0,18,18,35,807,167,294,0,0,102,134,77,15,18,55,53,80,436,.568,,.761,23.1,12.5,5.4,0.4
798,Stephen Zimmerman,17.2,1.0,19,19,26,680,102,214,5,17,63,101,56,22,14,51,54,79,272,.477,.294,.624,26.2,10.5,8.7,0.8
799,Isaiah Whitehead,6.4,2.0,19,20,56,1710,285,760,117,326,196,259,40,251,70,63,192,131,883,.375,.359,.757,30.5,15.8,3.7,4.5
800,Demetrius Jackson,31.5,3.0,19,21,103,3242,415,888,133,349,241,308,90,335,114,23,170,197,1204,.467,.381,.782,31.5,11.7,3.1,3.3
801,A.J. Hammons,9.8,4.0,20,23,132,3201,613,1138,6,23,361,523,314,104,50,343,271,325,1593,.539,.261,.690,24.3,12.1,7.0,0.8
802,Jake Layman,7.6,4.0,18,21,141,3938,482,1083,198,547,274,361,159,156,123,113,204,272,1436,.445,.362,.759,27.9,10.2,4.8,1.1
803,Michael Gbinije,-2.3,4.0,19,23,120,3061,409,900,159,410,200,313,101,310,154,31,194,257,1177,.454,.388,.639,25.5,9.8,3.1,2.6
804,Georges Niang,-4.2,4.0,19,22,138,4110,849,1697,188,502,342,448,162,421,92,67,318,422,2228,.500,.375,.763,29.8,16.1,5.2,3.1
805,Joel Bolomboy,22.8,4.0,19,22,130,3743,492,931,36,97,464,651,412,93,72,178,260,304,1484,.528,.371,.713,28.8,11.4,10.1,0.7
806,Kay Felder,13.7,3.0,18,20,101,3626,554,1300,143,415,514,625,67,788,164,19,350,287,1765,.426,.345,.822,35.9,17.5,4.3,7.8
